feed_timestamp,iso_time_utc,route_id,trip_id,delay_seconds
1767148089,2025-12-31T02:28:09+00:00,0,115538527,
1767148089,2025-12-31T02:28:09+00:00,0,115538528,
1767148089,2025-12-31T02:28:09+00:00,0,115538529,
1767148089,2025-12-31T02:28:09+00:00,0,115538618,
1767148089,2025-12-31T02:28:09+00:00,0,115538625,
1767148089,2025-12-31T02:28:09+00:00,0,115538632,
1767148089,2025-12-31T02:28:09+00:00,0,115538633,
1767148089,2025-12-31T02:28:09+00:00,0,115538651,
1767148089,2025-12-31T02:28:09+00:00,0B,115538848,
1767148089,2025-12-31T02:28:09+00:00,0B,115538863,
1767148089,2025-12-31T02:28:09+00:00,1,115538987,
1767148089,2025-12-31T02:28:09+00:00,1,115539000,
1767148089,2025-12-31T02:28:09+00:00,10,115539200,
1767148089,2025-12-31T02:28:09+00:00,10,115539205,
1767148089,2025-12-31T02:28:09+00:00,10,115539235,
1767148089,2025-12-31T02:28:09+00:00,105,115542407,
1767148089,2025-12-31T02:28:09+00:00,105,115542419,
1767148089,2025-12-31T02:28:09+00:00,105,115542420,
1767148089,2025-12-31T02:28:09+00:00,105,115542445,
1767148089,2025-12-31T02:28:09+00:00,105,115542467,
1767148089,2025-12-31T02:28:09+00:00,105,115542468,
1767148089,2025-12-31T02:28:09+00:00,11,115543390,
1767148089,2025-12-31T02:28:09+00:00,113G,115543634,
1767148089,2025-12-31T02:28:09+00:00,113G,115543667,
1767148089,2025-12-31T02:28:09+00:00,113B,115543669,
1767148089,2025-12-31T02:28:09+00:00,113G,115543673,
1767148089,2025-12-31T02:28:09+00:00,113G,115543674,
1767148089,2025-12-31T02:28:09+00:00,113B,115543708,
1767148089,2025-12-31T02:28:09+00:00,117N,115544116,
1767148089,2025-12-31T02:28:09+00:00,117N,115544117,
1767148089,2025-12-31T02:28:09+00:00,117N,115544118,
1767148089,2025-12-31T02:28:09+00:00,117N,115544143,
1767148089,2025-12-31T02:28:09+00:00,117N,115544144,
1767148089,2025-12-31T02:28:09+00:00,12,115544499,
1767148089,2025-12-31T02:28:09+00:00,12,115544500,
1767148089,2025-12-31T02:28:09+00:00,12,115544562,
1767148089,2025-12-31T02:28:09+00:00,12,115544563,
1767148089,2025-12-31T02:28:09+00:00,120L,115544753,
1767148089,2025-12-31T02:28:09+00:00,120X,115544853,
1767148089,2025-12-31T02:28:09+00:00,121,115545131,
1767148089,2025-12-31T02:28:09+00:00,121,115545132,
1767148089,2025-12-31T02:28:09+00:00,121,115545209,
1767148089,2025-12-31T02:28:09+00:00,121,115545225,
1767148089,2025-12-31T02:28:09+00:00,121,115545236,
1767148089,2025-12-31T02:28:09+00:00,130,115545395,
1767148089,2025-12-31T02:28:09+00:00,130,115545440,
1767148089,2025-12-31T02:28:09+00:00,133,115545616,
1767148089,2025-12-31T02:28:09+00:00,133,115545636,
1767148089,2025-12-31T02:28:09+00:00,133,115545654,
1767148089,2025-12-31T02:28:09+00:00,135,115545760,
1767148089,2025-12-31T02:28:09+00:00,139,115545859,
1767148089,2025-12-31T02:28:09+00:00,14,115545989,
1767148089,2025-12-31T02:28:09+00:00,14,115546009,
1767148089,2025-12-31T02:28:09+00:00,15,115546376,
1767148089,2025-12-31T02:28:09+00:00,15,115546385,
1767148089,2025-12-31T02:28:09+00:00,15,115546401,
1767148089,2025-12-31T02:28:09+00:00,15,115546402,
1767148089,2025-12-31T02:28:09+00:00,15,115546403,
1767148089,2025-12-31T02:28:09+00:00,15,115546404,
1767148089,2025-12-31T02:28:09+00:00,15,115546418,
1767148089,2025-12-31T02:28:09+00:00,15,115546423,
1767148089,2025-12-31T02:28:09+00:00,15,115546476,
1767148089,2025-12-31T02:28:09+00:00,15,115546477,
1767148089,2025-12-31T02:28:09+00:00,15,115546494,
1767148089,2025-12-31T02:28:09+00:00,15,115546510,
1767148089,2025-12-31T02:28:09+00:00,15,115546531,
1767148089,2025-12-31T02:28:09+00:00,15,115546543,
1767148089,2025-12-31T02:28:09+00:00,15,115546544,
1767148089,2025-12-31T02:28:09+00:00,153,115546748,
1767148089,2025-12-31T02:28:09+00:00,153,115546758,
1767148089,2025-12-31T02:28:09+00:00,153,115546822,
1767148089,2025-12-31T02:28:09+00:00,153,115546823,
1767148089,2025-12-31T02:28:09+00:00,153,115546834,
1767148089,2025-12-31T02:28:09+00:00,153,115546835,
1767148089,2025-12-31T02:28:09+00:00,15L,115547093,
1767148089,2025-12-31T02:28:09+00:00,15L,115547094,
1767148089,2025-12-31T02:28:09+00:00,15L,115547113,
1767148089,2025-12-31T02:28:09+00:00,15L,115547149,
1767148089,2025-12-31T02:28:09+00:00,15L,115547153,
1767148089,2025-12-31T02:28:09+00:00,15L,115547166,
1767148089,2025-12-31T02:28:09+00:00,15L,115547178,
1767148089,2025-12-31T02:28:09+00:00,15L,115547196,
1767148089,2025-12-31T02:28:09+00:00,15L,115547202,
1767148089,2025-12-31T02:28:09+00:00,15L,115547220,
1767148089,2025-12-31T02:28:09+00:00,15L,115547222,
1767148089,2025-12-31T02:28:09+00:00,15L,115547223,
1767148089,2025-12-31T02:28:09+00:00,15L,115547263,
1767148089,2025-12-31T02:28:09+00:00,16,115547624,
1767148089,2025-12-31T02:28:09+00:00,16,115547643,
1767148089,2025-12-31T02:28:09+00:00,16,115547644,
1767148089,2025-12-31T02:28:09+00:00,16,115547703,
1767148089,2025-12-31T02:28:09+00:00,16,115547704,
1767148089,2025-12-31T02:28:09+00:00,169,115547828,
1767148089,2025-12-31T02:28:09+00:00,169,115547834,
1767148089,2025-12-31T02:28:09+00:00,17,115548019,
1767148089,2025-12-31T02:28:09+00:00,17,115548020,
1767148089,2025-12-31T02:28:09+00:00,17,115548127,
1767148089,2025-12-31T02:28:09+00:00,17,115548128,
1767148089,2025-12-31T02:28:09+00:00,19,115548210,
1767148089,2025-12-31T02:28:09+00:00,19,115548225,
1767148089,2025-12-31T02:28:09+00:00,19,115548271,
1767148089,2025-12-31T02:28:09+00:00,20,115548348,
1767148089,2025-12-31T02:28:09+00:00,20,115548389,
1767148089,2025-12-31T02:28:09+00:00,228A,115549224,
1767148089,2025-12-31T02:28:09+00:00,24,115549301,
1767148089,2025-12-31T02:28:09+00:00,24,115549314,
1767148089,2025-12-31T02:28:09+00:00,24,115549323,
1767148089,2025-12-31T02:28:09+00:00,3,115549694,
1767148089,2025-12-31T02:28:09+00:00,3,115549732,
1767148089,2025-12-31T02:28:09+00:00,3,115549742,
1767148089,2025-12-31T02:28:09+00:00,40,115551382,
1767148089,2025-12-31T02:28:09+00:00,40,115551383,
1767148089,2025-12-31T02:28:09+00:00,40,115551448,
1767148089,2025-12-31T02:28:09+00:00,42,115551794,
1767148089,2025-12-31T02:28:09+00:00,42,115551828,
1767148089,2025-12-31T02:28:09+00:00,42,115551829,
1767148089,2025-12-31T02:28:09+00:00,43,115552142,
1767148089,2025-12-31T02:28:09+00:00,43,115552150,
1767148089,2025-12-31T02:28:09+00:00,43,115552170,
1767148089,2025-12-31T02:28:09+00:00,43,115552216,
1767148089,2025-12-31T02:28:09+00:00,43,115552232,
1767148089,2025-12-31T02:28:09+00:00,45,115552537,
1767148089,2025-12-31T02:28:09+00:00,45,115552576,
1767148089,2025-12-31T02:28:09+00:00,45,115552577,
1767148089,2025-12-31T02:28:09+00:00,48,115552846,
1767148089,2025-12-31T02:28:09+00:00,48,115552879,
1767148089,2025-12-31T02:28:09+00:00,48,115552882,
1767148089,2025-12-31T02:28:09+00:00,483,115552912,
1767148089,2025-12-31T02:28:09+00:00,483,115552927,
1767148089,2025-12-31T02:28:09+00:00,49,115553072,
1767148089,2025-12-31T02:28:09+00:00,49,115553106,
1767148089,2025-12-31T02:28:09+00:00,49,115553107,
1767148089,2025-12-31T02:28:09+00:00,51,115553254,
1767148089,2025-12-31T02:28:09+00:00,51,115553262,
1767148089,2025-12-31T02:28:09+00:00,51,115553290,
1767148089,2025-12-31T02:28:09+00:00,51,115553292,
1767148089,2025-12-31T02:28:09+00:00,51,115553315,
1767148089,2025-12-31T02:28:09+00:00,59,115553609,
1767148089,2025-12-31T02:28:09+00:00,6,115553725,
1767148089,2025-12-31T02:28:09+00:00,6,115553726,
1767148089,2025-12-31T02:28:09+00:00,6,115553735,
1767148089,2025-12-31T02:28:09+00:00,6,115553766,
1767148089,2025-12-31T02:28:09+00:00,6,115553768,
1767148089,2025-12-31T02:28:09+00:00,6,115553775,
1767148089,2025-12-31T02:28:09+00:00,65,115553900,
1767148089,2025-12-31T02:28:09+00:00,65,115553946,
1767148089,2025-12-31T02:28:09+00:00,66,115554042,
1767148089,2025-12-31T02:28:09+00:00,66,115554058,
1767148089,2025-12-31T02:28:09+00:00,7,115554144,
1767148089,2025-12-31T02:28:09+00:00,7,115554145,
1767148089,2025-12-31T02:28:09+00:00,7,115554184,
1767148089,2025-12-31T02:28:09+00:00,73,115554426,
1767148089,2025-12-31T02:28:09+00:00,73,115554491,
1767148089,2025-12-31T02:28:09+00:00,73,115554492,
1767148089,2025-12-31T02:28:09+00:00,76,115554656,
1767148089,2025-12-31T02:28:09+00:00,76,115554660,
1767148089,2025-12-31T02:28:09+00:00,76,115554661,
1767148089,2025-12-31T02:28:09+00:00,76,115554709,
1767148089,2025-12-31T02:28:09+00:00,76,115554716,
1767148089,2025-12-31T02:28:09+00:00,76,115554720,
1767148089,2025-12-31T02:28:09+00:00,8,115554776,
1767148089,2025-12-31T02:28:09+00:00,8,115554777,
1767148089,2025-12-31T02:28:09+00:00,8,115554802,
1767148089,2025-12-31T02:28:09+00:00,83L,115554980,
1767148089,2025-12-31T02:28:09+00:00,83L,115554981,
1767148089,2025-12-31T02:28:09+00:00,83D,115555024,
1767148089,2025-12-31T02:28:09+00:00,83D,115555025,
1767148089,2025-12-31T02:28:09+00:00,83D,115555026,
1767148089,2025-12-31T02:28:09+00:00,83D,115555059,
1767148089,2025-12-31T02:28:09+00:00,83D,115555060,
1767148089,2025-12-31T02:28:09+00:00,83L,115555093,
1767148089,2025-12-31T02:28:09+00:00,83L,115555095,
1767148089,2025-12-31T02:28:09+00:00,88,115555236,
1767148089,2025-12-31T02:28:09+00:00,9,115555381,
1767148089,2025-12-31T02:28:09+00:00,9,115555391,
1767148089,2025-12-31T02:28:09+00:00,92,115555484,
1767148089,2025-12-31T02:28:09+00:00,92,115555489,
1767148089,2025-12-31T02:28:09+00:00,93L,115555607,
1767148089,2025-12-31T02:28:09+00:00,99,115555613,
1767148089,2025-12-31T02:28:09+00:00,99,115555659,
1767148089,2025-12-31T02:28:09+00:00,A,115555890,
1767148089,2025-12-31T02:28:09+00:00,A,115555891,
1767148089,2025-12-31T02:28:09+00:00,A,115555922,
1767148089,2025-12-31T02:28:09+00:00,A,115555923,
1767148089,2025-12-31T02:28:09+00:00,A,115555924,
1767148089,2025-12-31T02:28:09+00:00,A,115555975,
1767148089,2025-12-31T02:28:09+00:00,ART,115556561,
1767148089,2025-12-31T02:28:09+00:00,ART,115556581,
1767148089,2025-12-31T02:28:09+00:00,AT,115556713,
1767148089,2025-12-31T02:28:09+00:00,BOND,115556991,
1767148089,2025-12-31T02:28:09+00:00,BOND,115557094,
1767148089,2025-12-31T02:28:09+00:00,BOND,115557095,
1767148089,2025-12-31T02:28:09+00:00,BOND,115557096,
1767148089,2025-12-31T02:28:09+00:00,101D,115561583,
1767148089,2025-12-31T02:28:09+00:00,101D,115561584,
1767148089,2025-12-31T02:28:09+00:00,101E,115561658,
1767148089,2025-12-31T02:28:09+00:00,101E,115561659,
1767148089,2025-12-31T02:28:09+00:00,101E,115561660,
1767148089,2025-12-31T02:28:09+00:00,101E,115561661,
1767148089,2025-12-31T02:28:09+00:00,101H,115561726,
1767148089,2025-12-31T02:28:09+00:00,101H,115561727,
1767148089,2025-12-31T02:28:09+00:00,101D,115561768,
1767148089,2025-12-31T02:28:09+00:00,101H,115561867,
1767148089,2025-12-31T02:28:09+00:00,101D,115561902,
1767148089,2025-12-31T02:28:09+00:00,101D,115561959,
1767148089,2025-12-31T02:28:09+00:00,101D,115561960,
1767148089,2025-12-31T02:28:09+00:00,101D,115561961,
1767148089,2025-12-31T02:28:09+00:00,101E,115562022,
1767148089,2025-12-31T02:28:09+00:00,101E,115562023,
1767148089,2025-12-31T02:28:09+00:00,101E,115562024,
1767148089,2025-12-31T02:28:09+00:00,103W,115563138,
1767148089,2025-12-31T02:28:09+00:00,103W,115563140,
1767148089,2025-12-31T02:28:09+00:00,103W,115563141,
1767148089,2025-12-31T02:28:09+00:00,103W,115563142,
1767148089,2025-12-31T02:28:09+00:00,103W,115563143,
1767148089,2025-12-31T02:28:09+00:00,103W,115563226,
1767148089,2025-12-31T02:28:09+00:00,103W,115563228,
1767148089,2025-12-31T02:28:09+00:00,103W,115563229,
1767148089,2025-12-31T02:28:09+00:00,103W,115563230,
1767148089,2025-12-31T02:28:09+00:00,107R,115563584,
1767148089,2025-12-31T02:28:09+00:00,107R,115563614,
1767148089,2025-12-31T02:28:09+00:00,107R,115563617,
1767148089,2025-12-31T02:28:09+00:00,107R,115563632,
1767148089,2025-12-31T02:28:09+00:00,107R,115563633,
1767148089,2025-12-31T02:28:09+00:00,107R,115563635,
1767148089,2025-12-31T02:28:09+00:00,107R,115563658,
1767148089,2025-12-31T02:28:09+00:00,104L,115564212,
1767148089,2025-12-31T02:28:09+00:00,104L,115564215,
1767148089,2025-12-31T02:28:09+00:00,104L,115564243,
1767148089,2025-12-31T02:28:09+00:00,120,115564314,
1767148089,2025-12-31T02:28:09+00:00,120,115564340,
1767148089,2025-12-31T02:28:09+00:00,204,115564439,
1767148089,2025-12-31T02:28:09+00:00,204,115564455,
1767148089,2025-12-31T02:28:09+00:00,204,115564486,
1767148089,2025-12-31T02:28:09+00:00,205,115564607,
1767148089,2025-12-31T02:28:09+00:00,205,115564632,
1767148089,2025-12-31T02:28:09+00:00,225,115564840,
1767148089,2025-12-31T02:28:09+00:00,225D,115564856,
1767148089,2025-12-31T02:28:09+00:00,225D,115564889,
1767148089,2025-12-31T02:28:09+00:00,324,115565051,
1767148089,2025-12-31T02:28:09+00:00,326,115565108,
1767148089,2025-12-31T02:28:09+00:00,AB1,115565323,
1767148089,2025-12-31T02:28:09+00:00,AB2,115565328,
1767148089,2025-12-31T02:28:09+00:00,AB1,115565350,
1767148089,2025-12-31T02:28:09+00:00,AB1,115565353,
1767148089,2025-12-31T02:28:09+00:00,BOLT,115565443,
1767148089,2025-12-31T02:28:09+00:00,BOLT,115565444,
1767148089,2025-12-31T02:28:09+00:00,BOLT,115565462,
1767148089,2025-12-31T02:28:09+00:00,BOLT,115565463,
1767148089,2025-12-31T02:28:09+00:00,DASH,115565598,
1767148089,2025-12-31T02:28:09+00:00,DASH,115565599,
1767148089,2025-12-31T02:28:09+00:00,DASH,115565646,
1767148089,2025-12-31T02:28:09+00:00,FF1,115565869,
1767148089,2025-12-31T02:28:09+00:00,FF1,115565975,
1767148089,2025-12-31T02:28:09+00:00,FF1,115565976,
1767148089,2025-12-31T02:28:09+00:00,JUMP,115566192,
1767148089,2025-12-31T02:28:09+00:00,JUMP,115566234,
1767148089,2025-12-31T02:28:09+00:00,LD3,115566287,
1767148089,2025-12-31T02:28:09+00:00,NB2,115566407,
1767148089,2025-12-31T02:28:09+00:00,SKIP,115566706,
1767148089,2025-12-31T02:28:09+00:00,SKIP,115566707,
1767148089,2025-12-31T02:28:09+00:00,SKIP,115566708,
1767148089,2025-12-31T02:28:09+00:00,SKIP,115566878,
1767148089,2025-12-31T02:28:09+00:00,SKIP,115566879,
1767148089,2025-12-31T02:28:09+00:00,SKIP,115566880,
1767148089,2025-12-31T02:28:09+00:00,SKIP,115566881,
1767148089,2025-12-31T02:28:09+00:00,323,115566887,
1767148089,2025-12-31T02:28:09+00:00,323,115566888,
1767148089,2025-12-31T02:28:09+00:00,28,115567239,
1767148089,2025-12-31T02:28:09+00:00,28,115567265,
1767148089,2025-12-31T02:28:09+00:00,28,115567269,
1767148089,2025-12-31T02:28:09+00:00,31,115567507,
1767148089,2025-12-31T02:28:09+00:00,31,115567515,
1767148089,2025-12-31T02:28:09+00:00,31,115567558,
1767148089,2025-12-31T02:28:09+00:00,31,115567559,
1767148089,2025-12-31T02:28:09+00:00,31,115567636,
1767148089,2025-12-31T02:28:09+00:00,31,115567657,
1767148089,2025-12-31T02:28:09+00:00,31,115567658,
1767148089,2025-12-31T02:28:09+00:00,31,115567666,
1767148089,2025-12-31T02:28:09+00:00,44,115567758,
1767148089,2025-12-31T02:28:09+00:00,44,115567779,
1767148089,2025-12-31T02:28:09+00:00,44,115567790,
1767148089,2025-12-31T02:28:09+00:00,100,115567892,
1767148089,2025-12-31T02:28:09+00:00,21,115568063,
1767148089,2025-12-31T02:28:09+00:00,21,115568064,
1767148089,2025-12-31T02:28:09+00:00,21,115568065,
1767148089,2025-12-31T02:28:09+00:00,21,115568108,
1767148089,2025-12-31T02:28:09+00:00,21,115568119,
1767148089,2025-12-31T02:28:09+00:00,32,115568209,
1767148089,2025-12-31T02:28:09+00:00,35,115568312,
1767148089,2025-12-31T02:28:09+00:00,35,115568313,
1767148089,2025-12-31T02:28:09+00:00,35,115568314,
1767148089,2025-12-31T02:28:09+00:00,35,115568344,
1767148089,2025-12-31T02:28:09+00:00,35,115568345,
1767148089,2025-12-31T02:28:09+00:00,35,115568346,
1767148089,2025-12-31T02:28:09+00:00,52,115568785,
1767148089,2025-12-31T02:28:09+00:00,52,115568786,
1767148089,2025-12-31T02:28:09+00:00,52,115568820,
1767148089,2025-12-31T02:28:09+00:00,52,115568824,
1767148089,2025-12-31T02:28:09+00:00,FREE,115569728,
1767148089,2025-12-31T02:28:09+00:00,FREE,115569729,
1767148089,2025-12-31T02:28:09+00:00,FREE,115569730,
1767148089,2025-12-31T02:28:09+00:00,FREE,115569731,
1767148089,2025-12-31T02:28:09+00:00,FREE,115569923,
1767148089,2025-12-31T02:28:09+00:00,FREE,115569924,
1767148089,2025-12-31T02:28:09+00:00,FREE,115569925,
1767148089,2025-12-31T02:28:09+00:00,FREE,115569926,
1767148089,2025-12-31T02:28:09+00:00,30,115570243,
1767148089,2025-12-31T02:28:09+00:00,30,115570308,
1767148089,2025-12-31T02:28:09+00:00,38,115570506,
1767148089,2025-12-31T02:28:09+00:00,38,115570514,
1767148089,2025-12-31T02:28:09+00:00,38,115570518,
1767148089,2025-12-31T02:28:09+00:00,38,115570550,
1767148089,2025-12-31T02:28:09+00:00,38,115570558,
1767148089,2025-12-31T02:28:09+00:00,38,115570561,
1767148089,2025-12-31T02:28:09+00:00,38,115570562,
1767148089,2025-12-31T02:28:09+00:00,38,115570564,
1767148089,2025-12-31T02:28:09+00:00,101S,115781864,
1767148089,2025-12-31T02:28:09+00:00,101S,115781865,
1767148089,2025-12-31T02:28:09+00:00,101S,115781866,
1767148089,2025-12-31T02:28:09+00:00,101S,115781924,
1767148089,2025-12-31T02:28:09+00:00,101S,115781925,
1767148089,2025-12-31T02:28:09+00:00,101S,115781959,
1767148089,2025-12-31T02:28:09+00:00,101S,115781966,
1767148089,2025-12-31T02:28:09+00:00,101S,115781972,
1767148089,2025-12-31T02:28:09+00:00,101S,115781973,
1767148089,2025-12-31T02:28:09+00:00,0,115538527,
1767148089,2025-12-31T02:28:09+00:00,0,115538528,
1767148089,2025-12-31T02:28:09+00:00,0,115538529,
1767148089,2025-12-31T02:28:09+00:00,0,115538618,
1767148089,2025-12-31T02:28:09+00:00,0,115538625,
1767148089,2025-12-31T02:28:09+00:00,0,115538632,
1767148089,2025-12-31T02:28:09+00:00,0,115538633,
1767148089,2025-12-31T02:28:09+00:00,0,115538651,
1767148089,2025-12-31T02:28:09+00:00,0B,115538848,
1767148089,2025-12-31T02:28:09+00:00,0B,115538863,
1767148089,2025-12-31T02:28:09+00:00,1,115538987,
1767148089,2025-12-31T02:28:09+00:00,1,115539000,
1767148089,2025-12-31T02:28:09+00:00,10,115539200,
1767148089,2025-12-31T02:28:09+00:00,10,115539205,
1767148089,2025-12-31T02:28:09+00:00,10,115539235,
1767148089,2025-12-31T02:28:09+00:00,105,115542407,
1767148089,2025-12-31T02:28:09+00:00,105,115542419,
1767148089,2025-12-31T02:28:09+00:00,105,115542420,
1767148089,2025-12-31T02:28:09+00:00,105,115542445,
1767148089,2025-12-31T02:28:09+00:00,105,115542467,
1767148089,2025-12-31T02:28:09+00:00,105,115542468,
1767148089,2025-12-31T02:28:09+00:00,11,115543390,
1767148089,2025-12-31T02:28:09+00:00,113G,115543634,
1767148089,2025-12-31T02:28:09+00:00,113G,115543667,
1767148089,2025-12-31T02:28:09+00:00,113B,115543669,
1767148089,2025-12-31T02:28:09+00:00,113G,115543673,
1767148089,2025-12-31T02:28:09+00:00,113G,115543674,
1767148089,2025-12-31T02:28:09+00:00,113B,115543708,
1767148089,2025-12-31T02:28:09+00:00,117N,115544116,
1767148089,2025-12-31T02:28:09+00:00,117N,115544117,
1767148089,2025-12-31T02:28:09+00:00,117N,115544118,
1767148089,2025-12-31T02:28:09+00:00,117N,115544143,
1767148089,2025-12-31T02:28:09+00:00,117N,115544144,
1767148089,2025-12-31T02:28:09+00:00,12,115544499,
1767148089,2025-12-31T02:28:09+00:00,12,115544500,
1767148089,2025-12-31T02:28:09+00:00,12,115544562,
1767148089,2025-12-31T02:28:09+00:00,12,115544563,
1767148089,2025-12-31T02:28:09+00:00,120L,115544753,
1767148089,2025-12-31T02:28:09+00:00,120X,115544853,
1767148089,2025-12-31T02:28:09+00:00,121,115545131,
1767148089,2025-12-31T02:28:09+00:00,121,115545132,
1767148089,2025-12-31T02:28:09+00:00,121,115545209,
1767148089,2025-12-31T02:28:09+00:00,121,115545225,
1767148089,2025-12-31T02:28:09+00:00,121,115545236,
1767148089,2025-12-31T02:28:09+00:00,130,115545395,
1767148089,2025-12-31T02:28:09+00:00,130,115545440,
1767148089,2025-12-31T02:28:09+00:00,133,115545616,
1767148089,2025-12-31T02:28:09+00:00,133,115545636,
1767148089,2025-12-31T02:28:09+00:00,133,115545654,
1767148089,2025-12-31T02:28:09+00:00,135,115545760,
1767148089,2025-12-31T02:28:09+00:00,139,115545859,
1767148089,2025-12-31T02:28:09+00:00,14,115545989,
1767148089,2025-12-31T02:28:09+00:00,14,115546009,
1767148089,2025-12-31T02:28:09+00:00,15,115546376,
1767148089,2025-12-31T02:28:09+00:00,15,115546385,
1767148089,2025-12-31T02:28:09+00:00,15,115546401,
1767148089,2025-12-31T02:28:09+00:00,15,115546402,
1767148089,2025-12-31T02:28:09+00:00,15,115546403,
1767148089,2025-12-31T02:28:09+00:00,15,115546404,
1767148089,2025-12-31T02:28:09+00:00,15,115546418,
1767148089,2025-12-31T02:28:09+00:00,15,115546423,
1767148089,2025-12-31T02:28:09+00:00,15,115546476,
1767148089,2025-12-31T02:28:09+00:00,15,115546477,
1767148089,2025-12-31T02:28:09+00:00,15,115546494,
1767148089,2025-12-31T02:28:09+00:00,15,115546510,
1767148089,2025-12-31T02:28:09+00:00,15,115546531,
1767148089,2025-12-31T02:28:09+00:00,15,115546543,
1767148089,2025-12-31T02:28:09+00:00,15,115546544,
1767148089,2025-12-31T02:28:09+00:00,153,115546748,
1767148089,2025-12-31T02:28:09+00:00,153,115546758,
1767148089,2025-12-31T02:28:09+00:00,153,115546822,
1767148089,2025-12-31T02:28:09+00:00,153,115546823,
1767148089,2025-12-31T02:28:09+00:00,153,115546834,
1767148089,2025-12-31T02:28:09+00:00,153,115546835,
1767148089,2025-12-31T02:28:09+00:00,15L,115547093,
1767148089,2025-12-31T02:28:09+00:00,15L,115547094,
1767148089,2025-12-31T02:28:09+00:00,15L,115547113,
1767148089,2025-12-31T02:28:09+00:00,15L,115547149,
1767148089,2025-12-31T02:28:09+00:00,15L,115547153,
1767148089,2025-12-31T02:28:09+00:00,15L,115547166,
1767148089,2025-12-31T02:28:09+00:00,15L,115547178,
1767148089,2025-12-31T02:28:09+00:00,15L,115547196,
1767148089,2025-12-31T02:28:09+00:00,15L,115547202,
1767148089,2025-12-31T02:28:09+00:00,15L,115547220,
1767148089,2025-12-31T02:28:09+00:00,15L,115547222,
1767148089,2025-12-31T02:28:09+00:00,15L,115547223,
1767148089,2025-12-31T02:28:09+00:00,15L,115547263,
1767148089,2025-12-31T02:28:09+00:00,16,115547624,
1767148089,2025-12-31T02:28:09+00:00,16,115547643,
1767148089,2025-12-31T02:28:09+00:00,16,115547644,
1767148089,2025-12-31T02:28:09+00:00,16,115547703,
1767148089,2025-12-31T02:28:09+00:00,16,115547704,
1767148089,2025-12-31T02:28:09+00:00,169,115547828,
1767148089,2025-12-31T02:28:09+00:00,169,115547834,
1767148089,2025-12-31T02:28:09+00:00,17,115548019,
1767148089,2025-12-31T02:28:09+00:00,17,115548020,
1767148089,2025-12-31T02:28:09+00:00,17,115548127,
1767148089,2025-12-31T02:28:09+00:00,17,115548128,
1767148089,2025-12-31T02:28:09+00:00,19,115548210,
1767148089,2025-12-31T02:28:09+00:00,19,115548225,
1767148089,2025-12-31T02:28:09+00:00,19,115548271,
1767148089,2025-12-31T02:28:09+00:00,20,115548348,
1767148089,2025-12-31T02:28:09+00:00,20,115548389,
1767148089,2025-12-31T02:28:09+00:00,228A,115549224,
1767148089,2025-12-31T02:28:09+00:00,24,115549301,
1767148089,2025-12-31T02:28:09+00:00,24,115549314,
1767148089,2025-12-31T02:28:09+00:00,24,115549323,
1767148089,2025-12-31T02:28:09+00:00,3,115549694,
1767148089,2025-12-31T02:28:09+00:00,3,115549732,
1767148089,2025-12-31T02:28:09+00:00,3,115549742,
1767148089,2025-12-31T02:28:09+00:00,40,115551382,
1767148089,2025-12-31T02:28:09+00:00,40,115551383,
1767148089,2025-12-31T02:28:09+00:00,40,115551448,
1767148089,2025-12-31T02:28:09+00:00,42,115551794,
1767148089,2025-12-31T02:28:09+00:00,42,115551828,
1767148089,2025-12-31T02:28:09+00:00,42,115551829,
1767148089,2025-12-31T02:28:09+00:00,43,115552142,
1767148089,2025-12-31T02:28:09+00:00,43,115552150,
1767148089,2025-12-31T02:28:09+00:00,43,115552170,
1767148089,2025-12-31T02:28:09+00:00,43,115552216,
1767148089,2025-12-31T02:28:09+00:00,43,115552232,
1767148089,2025-12-31T02:28:09+00:00,45,115552537,
1767148089,2025-12-31T02:28:09+00:00,45,115552576,
1767148089,2025-12-31T02:28:09+00:00,45,115552577,
1767148089,2025-12-31T02:28:09+00:00,48,115552846,
1767148089,2025-12-31T02:28:09+00:00,48,115552879,
1767148089,2025-12-31T02:28:09+00:00,48,115552882,
1767148089,2025-12-31T02:28:09+00:00,483,115552912,
1767148089,2025-12-31T02:28:09+00:00,483,115552927,
1767148089,2025-12-31T02:28:09+00:00,49,115553072,
1767148089,2025-12-31T02:28:09+00:00,49,115553106,
1767148089,2025-12-31T02:28:09+00:00,49,115553107,
1767148089,2025-12-31T02:28:09+00:00,51,115553254,
1767148089,2025-12-31T02:28:09+00:00,51,115553262,
1767148089,2025-12-31T02:28:09+00:00,51,115553290,
1767148089,2025-12-31T02:28:09+00:00,51,115553292,
1767148089,2025-12-31T02:28:09+00:00,51,115553315,
1767148089,2025-12-31T02:28:09+00:00,59,115553609,
1767148089,2025-12-31T02:28:09+00:00,6,115553725,
1767148089,2025-12-31T02:28:09+00:00,6,115553726,
1767148089,2025-12-31T02:28:09+00:00,6,115553735,
1767148089,2025-12-31T02:28:09+00:00,6,115553766,
1767148089,2025-12-31T02:28:09+00:00,6,115553768,
1767148089,2025-12-31T02:28:09+00:00,6,115553775,
1767148089,2025-12-31T02:28:09+00:00,65,115553900,
1767148089,2025-12-31T02:28:09+00:00,65,115553946,
1767148089,2025-12-31T02:28:09+00:00,66,115554042,
1767148089,2025-12-31T02:28:09+00:00,66,115554058,
1767148089,2025-12-31T02:28:09+00:00,7,115554144,
1767148089,2025-12-31T02:28:09+00:00,7,115554145,
1767148089,2025-12-31T02:28:09+00:00,7,115554184,
1767148089,2025-12-31T02:28:09+00:00,73,115554426,
1767148089,2025-12-31T02:28:09+00:00,73,115554491,
1767148089,2025-12-31T02:28:09+00:00,73,115554492,
1767148089,2025-12-31T02:28:09+00:00,76,115554656,
1767148089,2025-12-31T02:28:09+00:00,76,115554660,
1767148089,2025-12-31T02:28:09+00:00,76,115554661,
1767148089,2025-12-31T02:28:09+00:00,76,115554709,
1767148089,2025-12-31T02:28:09+00:00,76,115554716,
1767148089,2025-12-31T02:28:09+00:00,76,115554720,
1767148089,2025-12-31T02:28:09+00:00,8,115554776,
1767148089,2025-12-31T02:28:09+00:00,8,115554777,
1767148089,2025-12-31T02:28:09+00:00,8,115554802,
1767148089,2025-12-31T02:28:09+00:00,83L,115554980,
1767148089,2025-12-31T02:28:09+00:00,83L,115554981,
1767148089,2025-12-31T02:28:09+00:00,83D,115555024,
1767148089,2025-12-31T02:28:09+00:00,83D,115555025,
1767148089,2025-12-31T02:28:09+00:00,83D,115555026,
1767148089,2025-12-31T02:28:09+00:00,83D,115555059,
1767148089,2025-12-31T02:28:09+00:00,83D,115555060,
1767148089,2025-12-31T02:28:09+00:00,83L,115555093,
1767148089,2025-12-31T02:28:09+00:00,83L,115555095,
1767148089,2025-12-31T02:28:09+00:00,88,115555236,
1767148089,2025-12-31T02:28:09+00:00,9,115555381,
1767148089,2025-12-31T02:28:09+00:00,9,115555391,
1767148089,2025-12-31T02:28:09+00:00,92,115555484,
1767148089,2025-12-31T02:28:09+00:00,92,115555489,
1767148089,2025-12-31T02:28:09+00:00,93L,115555607,
1767148089,2025-12-31T02:28:09+00:00,99,115555613,
1767148089,2025-12-31T02:28:09+00:00,99,115555659,
1767148089,2025-12-31T02:28:09+00:00,A,115555890,
1767148089,2025-12-31T02:28:09+00:00,A,115555891,
1767148089,2025-12-31T02:28:09+00:00,A,115555922,
1767148089,2025-12-31T02:28:09+00:00,A,115555923,
1767148089,2025-12-31T02:28:09+00:00,A,115555924,
1767148089,2025-12-31T02:28:09+00:00,A,115555975,
1767148089,2025-12-31T02:28:09+00:00,ART,115556561,
1767148089,2025-12-31T02:28:09+00:00,ART,115556581,
1767148089,2025-12-31T02:28:09+00:00,AT,115556713,
1767148089,2025-12-31T02:28:09+00:00,BOND,115556991,
1767148089,2025-12-31T02:28:09+00:00,BOND,115557094,
1767148089,2025-12-31T02:28:09+00:00,BOND,115557095,
1767148089,2025-12-31T02:28:09+00:00,BOND,115557096,
1767148089,2025-12-31T02:28:09+00:00,101D,115561583,
1767148089,2025-12-31T02:28:09+00:00,101D,115561584,
1767148089,2025-12-31T02:28:09+00:00,101E,115561658,
1767148089,2025-12-31T02:28:09+00:00,101E,115561659,
1767148089,2025-12-31T02:28:09+00:00,101E,115561660,
1767148089,2025-12-31T02:28:09+00:00,101E,115561661,
1767148089,2025-12-31T02:28:09+00:00,101H,115561726,
1767148089,2025-12-31T02:28:09+00:00,101H,115561727,
1767148089,2025-12-31T02:28:09+00:00,101D,115561768,
1767148089,2025-12-31T02:28:09+00:00,101H,115561867,
1767148089,2025-12-31T02:28:09+00:00,101D,115561902,
1767148089,2025-12-31T02:28:09+00:00,101D,115561959,
1767148089,2025-12-31T02:28:09+00:00,101D,115561960,
1767148089,2025-12-31T02:28:09+00:00,101D,115561961,
1767148089,2025-12-31T02:28:09+00:00,101E,115562022,
1767148089,2025-12-31T02:28:09+00:00,101E,115562023,
1767148089,2025-12-31T02:28:09+00:00,101E,115562024,
1767148089,2025-12-31T02:28:09+00:00,103W,115563138,
1767148089,2025-12-31T02:28:09+00:00,103W,115563140,
1767148089,2025-12-31T02:28:09+00:00,103W,115563141,
1767148089,2025-12-31T02:28:09+00:00,103W,115563142,
1767148089,2025-12-31T02:28:09+00:00,103W,115563143,
1767148089,2025-12-31T02:28:09+00:00,103W,115563226,
1767148089,2025-12-31T02:28:09+00:00,103W,115563228,
1767148089,2025-12-31T02:28:09+00:00,103W,115563229,
1767148089,2025-12-31T02:28:09+00:00,103W,115563230,
1767148089,2025-12-31T02:28:09+00:00,107R,115563584,
1767148089,2025-12-31T02:28:09+00:00,107R,115563614,
1767148089,2025-12-31T02:28:09+00:00,107R,115563617,
1767148089,2025-12-31T02:28:09+00:00,107R,115563632,
1767148089,2025-12-31T02:28:09+00:00,107R,115563633,
1767148089,2025-12-31T02:28:09+00:00,107R,115563635,
1767148089,2025-12-31T02:28:09+00:00,107R,115563658,
1767148089,2025-12-31T02:28:09+00:00,104L,115564212,
1767148089,2025-12-31T02:28:09+00:00,104L,115564215,
1767148089,2025-12-31T02:28:09+00:00,104L,115564243,
1767148089,2025-12-31T02:28:09+00:00,120,115564314,
1767148089,2025-12-31T02:28:09+00:00,120,115564340,
1767148089,2025-12-31T02:28:09+00:00,204,115564439,
1767148089,2025-12-31T02:28:09+00:00,204,115564455,
1767148089,2025-12-31T02:28:09+00:00,204,115564486,
1767148089,2025-12-31T02:28:09+00:00,205,115564607,
1767148089,2025-12-31T02:28:09+00:00,205,115564632,
1767148089,2025-12-31T02:28:09+00:00,225,115564840,
1767148089,2025-12-31T02:28:09+00:00,225D,115564856,
1767148089,2025-12-31T02:28:09+00:00,225D,115564889,
1767148089,2025-12-31T02:28:09+00:00,324,115565051,
1767148089,2025-12-31T02:28:09+00:00,326,115565108,
1767148089,2025-12-31T02:28:09+00:00,AB1,115565323,
1767148089,2025-12-31T02:28:09+00:00,AB2,115565328,
1767148089,2025-12-31T02:28:09+00:00,AB1,115565350,
1767148089,2025-12-31T02:28:09+00:00,AB1,115565353,
1767148089,2025-12-31T02:28:09+00:00,BOLT,115565443,
1767148089,2025-12-31T02:28:09+00:00,BOLT,115565444,
1767148089,2025-12-31T02:28:09+00:00,BOLT,115565462,
1767148089,2025-12-31T02:28:09+00:00,BOLT,115565463,
1767148089,2025-12-31T02:28:09+00:00,DASH,115565598,
1767148089,2025-12-31T02:28:09+00:00,DASH,115565599,
1767148089,2025-12-31T02:28:09+00:00,DASH,115565646,
1767148089,2025-12-31T02:28:09+00:00,FF1,115565869,
1767148089,2025-12-31T02:28:09+00:00,FF1,115565975,
1767148089,2025-12-31T02:28:09+00:00,FF1,115565976,
1767148089,2025-12-31T02:28:09+00:00,JUMP,115566192,
1767148089,2025-12-31T02:28:09+00:00,JUMP,115566234,
1767148089,2025-12-31T02:28:09+00:00,LD3,115566287,
1767148089,2025-12-31T02:28:09+00:00,NB2,115566407,
1767148089,2025-12-31T02:28:09+00:00,SKIP,115566706,
1767148089,2025-12-31T02:28:09+00:00,SKIP,115566707,
1767148089,2025-12-31T02:28:09+00:00,SKIP,115566708,
1767148089,2025-12-31T02:28:09+00:00,SKIP,115566878,
1767148089,2025-12-31T02:28:09+00:00,SKIP,115566879,
1767148089,2025-12-31T02:28:09+00:00,SKIP,115566880,
1767148089,2025-12-31T02:28:09+00:00,SKIP,115566881,
1767148089,2025-12-31T02:28:09+00:00,323,115566887,
1767148089,2025-12-31T02:28:09+00:00,323,115566888,
1767148089,2025-12-31T02:28:09+00:00,28,115567239,
1767148089,2025-12-31T02:28:09+00:00,28,115567265,
1767148089,2025-12-31T02:28:09+00:00,28,115567269,
1767148089,2025-12-31T02:28:09+00:00,31,115567507,
1767148089,2025-12-31T02:28:09+00:00,31,115567515,
1767148089,2025-12-31T02:28:09+00:00,31,115567558,
1767148089,2025-12-31T02:28:09+00:00,31,115567559,
1767148089,2025-12-31T02:28:09+00:00,31,115567636,
1767148089,2025-12-31T02:28:09+00:00,31,115567657,
1767148089,2025-12-31T02:28:09+00:00,31,115567658,
1767148089,2025-12-31T02:28:09+00:00,31,115567666,
1767148089,2025-12-31T02:28:09+00:00,44,115567758,
1767148089,2025-12-31T02:28:09+00:00,44,115567779,
1767148089,2025-12-31T02:28:09+00:00,44,115567790,
1767148089,2025-12-31T02:28:09+00:00,100,115567892,
1767148089,2025-12-31T02:28:09+00:00,21,115568063,
1767148089,2025-12-31T02:28:09+00:00,21,115568064,
1767148089,2025-12-31T02:28:09+00:00,21,115568065,
1767148089,2025-12-31T02:28:09+00:00,21,115568108,
1767148089,2025-12-31T02:28:09+00:00,21,115568119,
1767148089,2025-12-31T02:28:09+00:00,32,115568209,
1767148089,2025-12-31T02:28:09+00:00,35,115568312,
1767148089,2025-12-31T02:28:09+00:00,35,115568313,
1767148089,2025-12-31T02:28:09+00:00,35,115568314,
1767148089,2025-12-31T02:28:09+00:00,35,115568344,
1767148089,2025-12-31T02:28:09+00:00,35,115568345,
1767148089,2025-12-31T02:28:09+00:00,35,115568346,
1767148089,2025-12-31T02:28:09+00:00,52,115568785,
1767148089,2025-12-31T02:28:09+00:00,52,115568786,
1767148089,2025-12-31T02:28:09+00:00,52,115568820,
1767148089,2025-12-31T02:28:09+00:00,52,115568824,
1767148089,2025-12-31T02:28:09+00:00,FREE,115569728,
1767148089,2025-12-31T02:28:09+00:00,FREE,115569729,
1767148089,2025-12-31T02:28:09+00:00,FREE,115569730,
1767148089,2025-12-31T02:28:09+00:00,FREE,115569731,
1767148089,2025-12-31T02:28:09+00:00,FREE,115569923,
1767148089,2025-12-31T02:28:09+00:00,FREE,115569924,
1767148089,2025-12-31T02:28:09+00:00,FREE,115569925,
1767148089,2025-12-31T02:28:09+00:00,FREE,115569926,
1767148089,2025-12-31T02:28:09+00:00,30,115570243,
1767148089,2025-12-31T02:28:09+00:00,30,115570308,
1767148089,2025-12-31T02:28:09+00:00,38,115570506,
1767148089,2025-12-31T02:28:09+00:00,38,115570514,
1767148089,2025-12-31T02:28:09+00:00,38,115570518,
1767148089,2025-12-31T02:28:09+00:00,38,115570550,
1767148089,2025-12-31T02:28:09+00:00,38,115570558,
1767148089,2025-12-31T02:28:09+00:00,38,115570561,
1767148089,2025-12-31T02:28:09+00:00,38,115570562,
1767148089,2025-12-31T02:28:09+00:00,38,115570564,
1767148089,2025-12-31T02:28:09+00:00,101S,115781864,
1767148089,2025-12-31T02:28:09+00:00,101S,115781865,
1767148089,2025-12-31T02:28:09+00:00,101S,115781866,
1767148089,2025-12-31T02:28:09+00:00,101S,115781924,
1767148089,2025-12-31T02:28:09+00:00,101S,115781925,
1767148089,2025-12-31T02:28:09+00:00,101S,115781959,
1767148089,2025-12-31T02:28:09+00:00,101S,115781966,
1767148089,2025-12-31T02:28:09+00:00,101S,115781972,
1767148089,2025-12-31T02:28:09+00:00,101S,115781973,
1767148209,2025-12-31T02:30:09+00:00,0,115538527,
1767148209,2025-12-31T02:30:09+00:00,0,115538529,
1767148209,2025-12-31T02:30:09+00:00,0,115538618,
1767148209,2025-12-31T02:30:09+00:00,0,115538625,
1767148209,2025-12-31T02:30:09+00:00,0,115538632,
1767148209,2025-12-31T02:30:09+00:00,0,115538633,
1767148209,2025-12-31T02:30:09+00:00,0,115538651,
1767148209,2025-12-31T02:30:09+00:00,0B,115538848,
1767148209,2025-12-31T02:30:09+00:00,0B,115538863,
1767148209,2025-12-31T02:30:09+00:00,1,115538987,
1767148209,2025-12-31T02:30:09+00:00,1,115539000,
1767148209,2025-12-31T02:30:09+00:00,10,115539200,
1767148209,2025-12-31T02:30:09+00:00,10,115539205,
1767148209,2025-12-31T02:30:09+00:00,10,115539235,
1767148209,2025-12-31T02:30:09+00:00,105,115542419,
1767148209,2025-12-31T02:30:09+00:00,105,115542420,
1767148209,2025-12-31T02:30:09+00:00,105,115542445,
1767148209,2025-12-31T02:30:09+00:00,105,115542467,
1767148209,2025-12-31T02:30:09+00:00,105,115542468,
1767148209,2025-12-31T02:30:09+00:00,11,115543390,
1767148209,2025-12-31T02:30:09+00:00,113G,115543634,
1767148209,2025-12-31T02:30:09+00:00,113G,115543667,
1767148209,2025-12-31T02:30:09+00:00,113B,115543669,
1767148209,2025-12-31T02:30:09+00:00,113G,115543673,
1767148209,2025-12-31T02:30:09+00:00,113G,115543674,
1767148209,2025-12-31T02:30:09+00:00,117N,115544116,
1767148209,2025-12-31T02:30:09+00:00,117N,115544117,
1767148209,2025-12-31T02:30:09+00:00,117N,115544118,
1767148209,2025-12-31T02:30:09+00:00,117N,115544143,
1767148209,2025-12-31T02:30:09+00:00,117N,115544144,
1767148209,2025-12-31T02:30:09+00:00,12,115544499,
1767148209,2025-12-31T02:30:09+00:00,12,115544500,
1767148209,2025-12-31T02:30:09+00:00,12,115544562,
1767148209,2025-12-31T02:30:09+00:00,12,115544563,
1767148209,2025-12-31T02:30:09+00:00,120L,115544753,
1767148209,2025-12-31T02:30:09+00:00,120X,115544845,
1767148209,2025-12-31T02:30:09+00:00,120X,115544853,
1767148209,2025-12-31T02:30:09+00:00,121,115545131,
1767148209,2025-12-31T02:30:09+00:00,121,115545132,
1767148209,2025-12-31T02:30:09+00:00,121,115545209,
1767148209,2025-12-31T02:30:09+00:00,121,115545225,
1767148209,2025-12-31T02:30:09+00:00,121,115545236,
1767148209,2025-12-31T02:30:09+00:00,130,115545395,
1767148209,2025-12-31T02:30:09+00:00,130,115545440,
1767148209,2025-12-31T02:30:09+00:00,133,115545616,
1767148209,2025-12-31T02:30:09+00:00,133,115545636,
1767148209,2025-12-31T02:30:09+00:00,133,115545654,
1767148209,2025-12-31T02:30:09+00:00,135,115545760,
1767148209,2025-12-31T02:30:09+00:00,139,115545859,
1767148209,2025-12-31T02:30:09+00:00,14,115545989,
1767148209,2025-12-31T02:30:09+00:00,14,115546009,
1767148209,2025-12-31T02:30:09+00:00,15,115546376,
1767148209,2025-12-31T02:30:09+00:00,15,115546385,
1767148209,2025-12-31T02:30:09+00:00,15,115546401,
1767148209,2025-12-31T02:30:09+00:00,15,115546402,
1767148209,2025-12-31T02:30:09+00:00,15,115546403,
1767148209,2025-12-31T02:30:09+00:00,15,115546404,
1767148209,2025-12-31T02:30:09+00:00,15,115546418,
1767148209,2025-12-31T02:30:09+00:00,15,115546423,
1767148209,2025-12-31T02:30:09+00:00,15,115546476,
1767148209,2025-12-31T02:30:09+00:00,15,115546477,
1767148209,2025-12-31T02:30:09+00:00,15,115546494,
1767148209,2025-12-31T02:30:09+00:00,15,115546510,
1767148209,2025-12-31T02:30:09+00:00,15,115546531,
1767148209,2025-12-31T02:30:09+00:00,15,115546543,
1767148209,2025-12-31T02:30:09+00:00,15,115546544,
1767148209,2025-12-31T02:30:09+00:00,153,115546748,
1767148209,2025-12-31T02:30:09+00:00,153,115546758,
1767148209,2025-12-31T02:30:09+00:00,153,115546822,
1767148209,2025-12-31T02:30:09+00:00,153,115546823,
1767148209,2025-12-31T02:30:09+00:00,153,115546834,
1767148209,2025-12-31T02:30:09+00:00,153,115546835,
1767148209,2025-12-31T02:30:09+00:00,15L,115547094,
1767148209,2025-12-31T02:30:09+00:00,15L,115547113,
1767148209,2025-12-31T02:30:09+00:00,15L,115547128,
1767148209,2025-12-31T02:30:09+00:00,15L,115547149,
1767148209,2025-12-31T02:30:09+00:00,15L,115547153,
1767148209,2025-12-31T02:30:09+00:00,15L,115547166,
1767148209,2025-12-31T02:30:09+00:00,15L,115547178,
1767148209,2025-12-31T02:30:09+00:00,15L,115547196,
1767148209,2025-12-31T02:30:09+00:00,15L,115547202,
1767148209,2025-12-31T02:30:09+00:00,15L,115547220,
1767148209,2025-12-31T02:30:09+00:00,15L,115547222,
1767148209,2025-12-31T02:30:09+00:00,15L,115547223,
1767148209,2025-12-31T02:30:09+00:00,15L,115547263,
1767148209,2025-12-31T02:30:09+00:00,16,115547624,
1767148209,2025-12-31T02:30:09+00:00,16,115547643,
1767148209,2025-12-31T02:30:09+00:00,16,115547644,
1767148209,2025-12-31T02:30:09+00:00,16,115547703,
1767148209,2025-12-31T02:30:09+00:00,16,115547704,
1767148209,2025-12-31T02:30:09+00:00,169,115547828,
1767148209,2025-12-31T02:30:09+00:00,169,115547834,
1767148209,2025-12-31T02:30:09+00:00,17,115548019,
1767148209,2025-12-31T02:30:09+00:00,17,115548020,
1767148209,2025-12-31T02:30:09+00:00,17,115548127,
1767148209,2025-12-31T02:30:09+00:00,17,115548128,
1767148209,2025-12-31T02:30:09+00:00,19,115548210,
1767148209,2025-12-31T02:30:09+00:00,19,115548225,
1767148209,2025-12-31T02:30:09+00:00,19,115548252,
1767148209,2025-12-31T02:30:09+00:00,19,115548271,
1767148209,2025-12-31T02:30:09+00:00,20,115548348,
1767148209,2025-12-31T02:30:09+00:00,20,115548389,
1767148209,2025-12-31T02:30:09+00:00,228A,115549224,
1767148209,2025-12-31T02:30:09+00:00,24,115549301,
1767148209,2025-12-31T02:30:09+00:00,24,115549314,
1767148209,2025-12-31T02:30:09+00:00,24,115549323,
1767148209,2025-12-31T02:30:09+00:00,3,115549689,
1767148209,2025-12-31T02:30:09+00:00,3,115549694,
1767148209,2025-12-31T02:30:09+00:00,3,115549708,
1767148209,2025-12-31T02:30:09+00:00,3,115549732,
1767148209,2025-12-31T02:30:09+00:00,3,115549742,
1767148209,2025-12-31T02:30:09+00:00,40,115551382,
1767148209,2025-12-31T02:30:09+00:00,40,115551383,
1767148209,2025-12-31T02:30:09+00:00,40,115551448,
1767148209,2025-12-31T02:30:09+00:00,42,115551794,
1767148209,2025-12-31T02:30:09+00:00,42,115551828,
1767148209,2025-12-31T02:30:09+00:00,42,115551829,
1767148209,2025-12-31T02:30:09+00:00,43,115552142,
1767148209,2025-12-31T02:30:09+00:00,43,115552150,
1767148209,2025-12-31T02:30:09+00:00,43,115552170,
1767148209,2025-12-31T02:30:09+00:00,43,115552216,
1767148209,2025-12-31T02:30:09+00:00,43,115552232,
1767148209,2025-12-31T02:30:09+00:00,45,115552536,
1767148209,2025-12-31T02:30:09+00:00,45,115552537,
1767148209,2025-12-31T02:30:09+00:00,45,115552576,
1767148209,2025-12-31T02:30:09+00:00,45,115552577,
1767148209,2025-12-31T02:30:09+00:00,48,115552846,
1767148209,2025-12-31T02:30:09+00:00,48,115552870,
1767148209,2025-12-31T02:30:09+00:00,48,115552879,
1767148209,2025-12-31T02:30:09+00:00,48,115552882,
1767148209,2025-12-31T02:30:09+00:00,483,115552912,
1767148209,2025-12-31T02:30:09+00:00,49,115553072,
1767148209,2025-12-31T02:30:09+00:00,49,115553106,
1767148209,2025-12-31T02:30:09+00:00,49,115553107,
1767148209,2025-12-31T02:30:09+00:00,51,115553262,
1767148209,2025-12-31T02:30:09+00:00,51,115553290,
1767148209,2025-12-31T02:30:09+00:00,51,115553315,
1767148209,2025-12-31T02:30:09+00:00,59,115553609,
1767148209,2025-12-31T02:30:09+00:00,6,115553725,
1767148209,2025-12-31T02:30:09+00:00,6,115553726,
1767148209,2025-12-31T02:30:09+00:00,6,115553735,
1767148209,2025-12-31T02:30:09+00:00,6,115553766,
1767148209,2025-12-31T02:30:09+00:00,6,115553768,
1767148209,2025-12-31T02:30:09+00:00,6,115553775,
1767148209,2025-12-31T02:30:09+00:00,65,115553900,
1767148209,2025-12-31T02:30:09+00:00,65,115553946,
1767148209,2025-12-31T02:30:09+00:00,66,115554042,
1767148209,2025-12-31T02:30:09+00:00,66,115554058,
1767148209,2025-12-31T02:30:09+00:00,7,115554143,
1767148209,2025-12-31T02:30:09+00:00,7,115554144,
1767148209,2025-12-31T02:30:09+00:00,7,115554145,
1767148209,2025-12-31T02:30:09+00:00,7,115554184,
1767148209,2025-12-31T02:30:09+00:00,73,115554426,
1767148209,2025-12-31T02:30:09+00:00,73,115554491,
1767148209,2025-12-31T02:30:09+00:00,73,115554492,
1767148209,2025-12-31T02:30:09+00:00,76,115554656,
1767148209,2025-12-31T02:30:09+00:00,76,115554660,
1767148209,2025-12-31T02:30:09+00:00,76,115554661,
1767148209,2025-12-31T02:30:09+00:00,76,115554709,
1767148209,2025-12-31T02:30:09+00:00,76,115554716,
1767148209,2025-12-31T02:30:09+00:00,76,115554720,
1767148209,2025-12-31T02:30:09+00:00,8,115554776,
1767148209,2025-12-31T02:30:09+00:00,8,115554777,
1767148209,2025-12-31T02:30:09+00:00,8,115554802,
1767148209,2025-12-31T02:30:09+00:00,83L,115554980,
1767148209,2025-12-31T02:30:09+00:00,83L,115554981,
1767148209,2025-12-31T02:30:09+00:00,83D,115555024,
1767148209,2025-12-31T02:30:09+00:00,83D,115555025,
1767148209,2025-12-31T02:30:09+00:00,83D,115555026,
1767148209,2025-12-31T02:30:09+00:00,83D,115555059,
1767148209,2025-12-31T02:30:09+00:00,83D,115555060,
1767148209,2025-12-31T02:30:09+00:00,83L,115555093,
1767148209,2025-12-31T02:30:09+00:00,83L,115555095,
1767148209,2025-12-31T02:30:09+00:00,88,115555236,
1767148209,2025-12-31T02:30:09+00:00,9,115555381,
1767148209,2025-12-31T02:30:09+00:00,9,115555391,
1767148209,2025-12-31T02:30:09+00:00,92,115555484,
1767148209,2025-12-31T02:30:09+00:00,93L,115555607,
1767148209,2025-12-31T02:30:09+00:00,99,115555613,
1767148209,2025-12-31T02:30:09+00:00,99,115555659,
1767148209,2025-12-31T02:30:09+00:00,A,115555887,
1767148209,2025-12-31T02:30:09+00:00,A,115555890,
1767148209,2025-12-31T02:30:09+00:00,A,115555891,
1767148209,2025-12-31T02:30:09+00:00,A,115555922,
1767148209,2025-12-31T02:30:09+00:00,A,115555923,
1767148209,2025-12-31T02:30:09+00:00,A,115555924,
1767148209,2025-12-31T02:30:09+00:00,A,115555975,
1767148209,2025-12-31T02:30:09+00:00,ART,115556561,
1767148209,2025-12-31T02:30:09+00:00,ART,115556581,
1767148209,2025-12-31T02:30:09+00:00,AT,115556713,
1767148209,2025-12-31T02:30:09+00:00,BOND,115556991,
1767148209,2025-12-31T02:30:09+00:00,BOND,115557094,
1767148209,2025-12-31T02:30:09+00:00,BOND,115557096,
1767148209,2025-12-31T02:30:09+00:00,101D,115561583,
1767148209,2025-12-31T02:30:09+00:00,101D,115561584,
1767148209,2025-12-31T02:30:09+00:00,101E,115561658,
1767148209,2025-12-31T02:30:09+00:00,101E,115561659,
1767148209,2025-12-31T02:30:09+00:00,101E,115561660,
1767148209,2025-12-31T02:30:09+00:00,101H,115561726,
1767148209,2025-12-31T02:30:09+00:00,101H,115561727,
1767148209,2025-12-31T02:30:09+00:00,101H,115561867,
1767148209,2025-12-31T02:30:09+00:00,101D,115561959,
1767148209,2025-12-31T02:30:09+00:00,101D,115561960,
1767148209,2025-12-31T02:30:09+00:00,101E,115562022,
1767148209,2025-12-31T02:30:09+00:00,101E,115562023,
1767148209,2025-12-31T02:30:09+00:00,101E,115562024,
1767148209,2025-12-31T02:30:09+00:00,103W,115563138,
1767148209,2025-12-31T02:30:09+00:00,103W,115563140,
1767148209,2025-12-31T02:30:09+00:00,103W,115563141,
1767148209,2025-12-31T02:30:09+00:00,103W,115563142,
1767148209,2025-12-31T02:30:09+00:00,103W,115563143,
1767148209,2025-12-31T02:30:09+00:00,103W,115563226,
1767148209,2025-12-31T02:30:09+00:00,103W,115563228,
1767148209,2025-12-31T02:30:09+00:00,103W,115563229,
1767148209,2025-12-31T02:30:09+00:00,103W,115563230,
1767148209,2025-12-31T02:30:09+00:00,107R,115563584,
1767148209,2025-12-31T02:30:09+00:00,107R,115563614,
1767148209,2025-12-31T02:30:09+00:00,107R,115563617,
1767148209,2025-12-31T02:30:09+00:00,107R,115563632,
1767148209,2025-12-31T02:30:09+00:00,107R,115563633,
1767148209,2025-12-31T02:30:09+00:00,107R,115563635,
1767148209,2025-12-31T02:30:09+00:00,107R,115563658,
1767148209,2025-12-31T02:30:09+00:00,104L,115564212,
1767148209,2025-12-31T02:30:09+00:00,104L,115564215,
1767148209,2025-12-31T02:30:09+00:00,104L,115564243,
1767148209,2025-12-31T02:30:09+00:00,120,115564314,
1767148209,2025-12-31T02:30:09+00:00,120,115564340,
1767148209,2025-12-31T02:30:09+00:00,204,115564439,
1767148209,2025-12-31T02:30:09+00:00,204,115564455,
1767148209,2025-12-31T02:30:09+00:00,204,115564486,
1767148209,2025-12-31T02:30:09+00:00,205,115564607,
1767148209,2025-12-31T02:30:09+00:00,205,115564632,
1767148209,2025-12-31T02:30:09+00:00,225,115564840,
1767148209,2025-12-31T02:30:09+00:00,225D,115564856,
1767148209,2025-12-31T02:30:09+00:00,225D,115564889,
1767148209,2025-12-31T02:30:09+00:00,324,115565025,
1767148209,2025-12-31T02:30:09+00:00,324,115565051,
1767148209,2025-12-31T02:30:09+00:00,AB1,115565313,
1767148209,2025-12-31T02:30:09+00:00,AB1,115565323,
1767148209,2025-12-31T02:30:09+00:00,AB2,115565328,
1767148209,2025-12-31T02:30:09+00:00,AB1,115565350,
1767148209,2025-12-31T02:30:09+00:00,AB1,115565353,
1767148209,2025-12-31T02:30:09+00:00,BOLT,115565443,
1767148209,2025-12-31T02:30:09+00:00,BOLT,115565444,
1767148209,2025-12-31T02:30:09+00:00,BOLT,115565462,
1767148209,2025-12-31T02:30:09+00:00,BOLT,115565463,
1767148209,2025-12-31T02:30:09+00:00,DASH,115565598,
1767148209,2025-12-31T02:30:09+00:00,DASH,115565646,
1767148209,2025-12-31T02:30:09+00:00,FF1,115565869,
1767148209,2025-12-31T02:30:09+00:00,FF1,115565870,
1767148209,2025-12-31T02:30:09+00:00,FF1,115565975,
1767148209,2025-12-31T02:30:09+00:00,FF1,115565976,
1767148209,2025-12-31T02:30:09+00:00,JUMP,115566192,
1767148209,2025-12-31T02:30:09+00:00,JUMP,115566234,
1767148209,2025-12-31T02:30:09+00:00,NB2,115566400,
1767148209,2025-12-31T02:30:09+00:00,NB2,115566407,
1767148209,2025-12-31T02:30:09+00:00,SKIP,115566706,
1767148209,2025-12-31T02:30:09+00:00,SKIP,115566707,
1767148209,2025-12-31T02:30:09+00:00,SKIP,115566708,
1767148209,2025-12-31T02:30:09+00:00,SKIP,115566733,
1767148209,2025-12-31T02:30:09+00:00,SKIP,115566734,
1767148209,2025-12-31T02:30:09+00:00,SKIP,115566878,
1767148209,2025-12-31T02:30:09+00:00,SKIP,115566879,
1767148209,2025-12-31T02:30:09+00:00,SKIP,115566880,
1767148209,2025-12-31T02:30:09+00:00,SKIP,115566881,
1767148209,2025-12-31T02:30:09+00:00,323,115566887,
1767148209,2025-12-31T02:30:09+00:00,323,115566888,
1767148209,2025-12-31T02:30:09+00:00,28,115567239,
1767148209,2025-12-31T02:30:09+00:00,28,115567265,
1767148209,2025-12-31T02:30:09+00:00,28,115567269,
1767148209,2025-12-31T02:30:09+00:00,31,115567507,
1767148209,2025-12-31T02:30:09+00:00,31,115567515,
1767148209,2025-12-31T02:30:09+00:00,31,115567558,
1767148209,2025-12-31T02:30:09+00:00,31,115567559,
1767148209,2025-12-31T02:30:09+00:00,31,115567636,
1767148209,2025-12-31T02:30:09+00:00,31,115567657,
1767148209,2025-12-31T02:30:09+00:00,31,115567658,
1767148209,2025-12-31T02:30:09+00:00,31,115567666,
1767148209,2025-12-31T02:30:09+00:00,44,115567758,
1767148209,2025-12-31T02:30:09+00:00,44,115567779,
1767148209,2025-12-31T02:30:09+00:00,44,115567790,
1767148209,2025-12-31T02:30:09+00:00,100,115567861,
1767148209,2025-12-31T02:30:09+00:00,100,115567892,
1767148209,2025-12-31T02:30:09+00:00,21,115568063,
1767148209,2025-12-31T02:30:09+00:00,21,115568064,
1767148209,2025-12-31T02:30:09+00:00,21,115568065,
1767148209,2025-12-31T02:30:09+00:00,21,115568119,
1767148209,2025-12-31T02:30:09+00:00,32,115568209,
1767148209,2025-12-31T02:30:09+00:00,35,115568312,
1767148209,2025-12-31T02:30:09+00:00,35,115568313,
1767148209,2025-12-31T02:30:09+00:00,35,115568314,
1767148209,2025-12-31T02:30:09+00:00,35,115568343,
1767148209,2025-12-31T02:30:09+00:00,35,115568344,
1767148209,2025-12-31T02:30:09+00:00,35,115568345,
1767148209,2025-12-31T02:30:09+00:00,52,115568785,
1767148209,2025-12-31T02:30:09+00:00,52,115568786,
1767148209,2025-12-31T02:30:09+00:00,52,115568820,
1767148209,2025-12-31T02:30:09+00:00,52,115568824,
1767148209,2025-12-31T02:30:09+00:00,FREE,115569727,
1767148209,2025-12-31T02:30:09+00:00,FREE,115569728,
1767148209,2025-12-31T02:30:09+00:00,FREE,115569729,
1767148209,2025-12-31T02:30:09+00:00,FREE,115569730,
1767148209,2025-12-31T02:30:09+00:00,FREE,115569731,
1767148209,2025-12-31T02:30:09+00:00,FREE,115569923,
1767148209,2025-12-31T02:30:09+00:00,FREE,115569924,
1767148209,2025-12-31T02:30:09+00:00,FREE,115569925,
1767148209,2025-12-31T02:30:09+00:00,FREE,115569926,
1767148209,2025-12-31T02:30:09+00:00,30,115570243,
1767148209,2025-12-31T02:30:09+00:00,30,115570308,
1767148209,2025-12-31T02:30:09+00:00,38,115570506,
1767148209,2025-12-31T02:30:09+00:00,38,115570514,
1767148209,2025-12-31T02:30:09+00:00,38,115570518,
1767148209,2025-12-31T02:30:09+00:00,38,115570550,
1767148209,2025-12-31T02:30:09+00:00,38,115570558,
1767148209,2025-12-31T02:30:09+00:00,38,115570561,
1767148209,2025-12-31T02:30:09+00:00,38,115570562,
1767148209,2025-12-31T02:30:09+00:00,38,115570564,
1767148209,2025-12-31T02:30:09+00:00,101S,115781864,
1767148209,2025-12-31T02:30:09+00:00,101S,115781865,
1767148209,2025-12-31T02:30:09+00:00,101S,115781866,
1767148209,2025-12-31T02:30:09+00:00,101S,115781924,
1767148209,2025-12-31T02:30:09+00:00,101S,115781925,
1767148209,2025-12-31T02:30:09+00:00,101S,115781959,
1767148209,2025-12-31T02:30:09+00:00,101S,115781966,
1767148209,2025-12-31T02:30:09+00:00,101S,115781972,
1767148209,2025-12-31T02:30:09+00:00,101S,115781973,
1767148628,2025-12-31T02:37:08+00:00,0,115538526,
1767148628,2025-12-31T02:37:08+00:00,0,115538527,
1767148628,2025-12-31T02:37:08+00:00,0,115538528,
1767148628,2025-12-31T02:37:08+00:00,0,115538529,
1767148628,2025-12-31T02:37:08+00:00,0,115538605,
1767148628,2025-12-31T02:37:08+00:00,0,115538625,
1767148628,2025-12-31T02:37:08+00:00,0,115538632,
1767148628,2025-12-31T02:37:08+00:00,0,115538633,
1767148628,2025-12-31T02:37:08+00:00,0,115538651,
1767148628,2025-12-31T02:37:08+00:00,0B,115538863,
1767148628,2025-12-31T02:37:08+00:00,1,115538987,
1767148628,2025-12-31T02:37:08+00:00,1,115539000,
1767148628,2025-12-31T02:37:08+00:00,10,115539157,
1767148628,2025-12-31T02:37:08+00:00,10,115539162,
1767148628,2025-12-31T02:37:08+00:00,10,115539200,
1767148628,2025-12-31T02:37:08+00:00,10,115539205,
1767148628,2025-12-31T02:37:08+00:00,10,115539235,
1767148628,2025-12-31T02:37:08+00:00,105,115542419,
1767148628,2025-12-31T02:37:08+00:00,105,115542420,
1767148628,2025-12-31T02:37:08+00:00,105,115542424,
1767148628,2025-12-31T02:37:08+00:00,105,115542467,
1767148628,2025-12-31T02:37:08+00:00,105,115542468,
1767148628,2025-12-31T02:37:08+00:00,11,115543362,
1767148628,2025-12-31T02:37:08+00:00,11,115543364,
1767148628,2025-12-31T02:37:08+00:00,11,115543390,
1767148628,2025-12-31T02:37:08+00:00,11,115543391,
1767148628,2025-12-31T02:37:08+00:00,112,115543474,
1767148628,2025-12-31T02:37:08+00:00,113G,115543634,
1767148628,2025-12-31T02:37:08+00:00,113G,115543667,
1767148628,2025-12-31T02:37:08+00:00,113B,115543669,
1767148628,2025-12-31T02:37:08+00:00,113G,115543672,
1767148628,2025-12-31T02:37:08+00:00,113G,115543673,
1767148628,2025-12-31T02:37:08+00:00,117N,115544117,
1767148628,2025-12-31T02:37:08+00:00,117N,115544118,
1767148628,2025-12-31T02:37:08+00:00,117N,115544143,
1767148628,2025-12-31T02:37:08+00:00,117N,115544144,
1767148628,2025-12-31T02:37:08+00:00,12,115544499,
1767148628,2025-12-31T02:37:08+00:00,12,115544500,
1767148628,2025-12-31T02:37:08+00:00,12,115544561,
1767148628,2025-12-31T02:37:08+00:00,12,115544562,
1767148628,2025-12-31T02:37:08+00:00,12,115544563,
1767148628,2025-12-31T02:37:08+00:00,120L,115544732,
1767148628,2025-12-31T02:37:08+00:00,120X,115544845,
1767148628,2025-12-31T02:37:08+00:00,121,115545131,
1767148628,2025-12-31T02:37:08+00:00,121,115545132,
1767148628,2025-12-31T02:37:08+00:00,121,115545209,
1767148628,2025-12-31T02:37:08+00:00,121,115545225,
1767148628,2025-12-31T02:37:08+00:00,121,115545236,
1767148628,2025-12-31T02:37:08+00:00,130,115545395,
1767148628,2025-12-31T02:37:08+00:00,130,115545440,
1767148628,2025-12-31T02:37:08+00:00,133,115545636,
1767148628,2025-12-31T02:37:08+00:00,133,115545654,
1767148628,2025-12-31T02:37:08+00:00,135,115545760,
1767148628,2025-12-31T02:37:08+00:00,135,115545765,
1767148628,2025-12-31T02:37:08+00:00,14,115545989,
1767148628,2025-12-31T02:37:08+00:00,15,115546376,
1767148628,2025-12-31T02:37:08+00:00,15,115546385,
1767148628,2025-12-31T02:37:08+00:00,15,115546402,
1767148628,2025-12-31T02:37:08+00:00,15,115546403,
1767148628,2025-12-31T02:37:08+00:00,15,115546404,
1767148628,2025-12-31T02:37:08+00:00,15,115546423,
1767148628,2025-12-31T02:37:08+00:00,15,115546477,
1767148628,2025-12-31T02:37:08+00:00,15,115546494,
1767148628,2025-12-31T02:37:08+00:00,15,115546510,
1767148628,2025-12-31T02:37:08+00:00,15,115546531,
1767148628,2025-12-31T02:37:08+00:00,15,115546543,
1767148628,2025-12-31T02:37:08+00:00,15,115546544,
1767148628,2025-12-31T02:37:08+00:00,153,115546748,
1767148628,2025-12-31T02:37:08+00:00,153,115546758,
1767148628,2025-12-31T02:37:08+00:00,153,115546765,
1767148628,2025-12-31T02:37:08+00:00,153,115546821,
1767148628,2025-12-31T02:37:08+00:00,153,115546822,
1767148628,2025-12-31T02:37:08+00:00,153,115546823,
1767148628,2025-12-31T02:37:08+00:00,153,115546834,
1767148628,2025-12-31T02:37:08+00:00,15L,115547094,
1767148628,2025-12-31T02:37:08+00:00,15L,115547113,
1767148628,2025-12-31T02:37:08+00:00,15L,115547128,
1767148628,2025-12-31T02:37:08+00:00,15L,115547149,
1767148628,2025-12-31T02:37:08+00:00,15L,115547153,
1767148628,2025-12-31T02:37:08+00:00,15L,115547166,
1767148628,2025-12-31T02:37:08+00:00,15L,115547178,
1767148628,2025-12-31T02:37:08+00:00,15L,115547196,
1767148628,2025-12-31T02:37:08+00:00,15L,115547202,
1767148628,2025-12-31T02:37:08+00:00,15L,115547222,
1767148628,2025-12-31T02:37:08+00:00,15L,115547223,
1767148628,2025-12-31T02:37:08+00:00,15L,115547248,
1767148628,2025-12-31T02:37:08+00:00,15L,115547263,
1767148628,2025-12-31T02:37:08+00:00,16,115547624,
1767148628,2025-12-31T02:37:08+00:00,16,115547642,
1767148628,2025-12-31T02:37:08+00:00,16,115547643,
1767148628,2025-12-31T02:37:08+00:00,16,115547703,
1767148628,2025-12-31T02:37:08+00:00,16,115547704,
1767148628,2025-12-31T02:37:08+00:00,169,115547828,
1767148628,2025-12-31T02:37:08+00:00,169,115547834,
1767148628,2025-12-31T02:37:08+00:00,17,115548019,
1767148628,2025-12-31T02:37:08+00:00,17,115548127,
1767148628,2025-12-31T02:37:08+00:00,17,115548128,
1767148628,2025-12-31T02:37:08+00:00,19,115548210,
1767148628,2025-12-31T02:37:08+00:00,19,115548225,
1767148628,2025-12-31T02:37:08+00:00,19,115548252,
1767148628,2025-12-31T02:37:08+00:00,19,115548271,
1767148628,2025-12-31T02:37:08+00:00,20,115548348,
1767148628,2025-12-31T02:37:08+00:00,20,115548389,
1767148628,2025-12-31T02:37:08+00:00,228A,115549209,
1767148628,2025-12-31T02:37:08+00:00,24,115549301,
1767148628,2025-12-31T02:37:08+00:00,24,115549314,
1767148628,2025-12-31T02:37:08+00:00,24,115549323,
1767148628,2025-12-31T02:37:08+00:00,3,115549689,
1767148628,2025-12-31T02:37:08+00:00,3,115549694,
1767148628,2025-12-31T02:37:08+00:00,3,115549708,
1767148628,2025-12-31T02:37:08+00:00,3,115549732,
1767148628,2025-12-31T02:37:08+00:00,3,115549742,
1767148628,2025-12-31T02:37:08+00:00,4,115551151,
1767148628,2025-12-31T02:37:08+00:00,40,115551382,
1767148628,2025-12-31T02:37:08+00:00,40,115551383,
1767148628,2025-12-31T02:37:08+00:00,40,115551448,
1767148628,2025-12-31T02:37:08+00:00,40,115551449,
1767148628,2025-12-31T02:37:08+00:00,402L,115551540,
1767148628,2025-12-31T02:37:08+00:00,402L,115551561,
1767148628,2025-12-31T02:37:08+00:00,42,115551793,
1767148628,2025-12-31T02:37:08+00:00,42,115551794,
1767148628,2025-12-31T02:37:08+00:00,42,115551828,
1767148628,2025-12-31T02:37:08+00:00,43,115552142,
1767148628,2025-12-31T02:37:08+00:00,43,115552150,
1767148628,2025-12-31T02:37:08+00:00,43,115552216,
1767148628,2025-12-31T02:37:08+00:00,43,115552232,
1767148628,2025-12-31T02:37:08+00:00,45,115552536,
1767148628,2025-12-31T02:37:08+00:00,45,115552576,
1767148628,2025-12-31T02:37:08+00:00,45,115552577,
1767148628,2025-12-31T02:37:08+00:00,48,115552846,
1767148628,2025-12-31T02:37:08+00:00,48,115552870,
1767148628,2025-12-31T02:37:08+00:00,48,115552879,
1767148628,2025-12-31T02:37:08+00:00,483,115552912,
1767148628,2025-12-31T02:37:08+00:00,483,115552927,
1767148628,2025-12-31T02:37:08+00:00,49,115553072,
1767148628,2025-12-31T02:37:08+00:00,49,115553106,
1767148628,2025-12-31T02:37:08+00:00,49,115553107,
1767148628,2025-12-31T02:37:08+00:00,51,115553254,
1767148628,2025-12-31T02:37:08+00:00,51,115553262,
1767148628,2025-12-31T02:37:08+00:00,51,115553290,
1767148628,2025-12-31T02:37:08+00:00,51,115553315,
1767148628,2025-12-31T02:37:08+00:00,6,115553725,
1767148628,2025-12-31T02:37:08+00:00,6,115553726,
1767148628,2025-12-31T02:37:08+00:00,6,115553735,
1767148628,2025-12-31T02:37:08+00:00,6,115553766,
1767148628,2025-12-31T02:37:08+00:00,6,115553768,
1767148628,2025-12-31T02:37:08+00:00,6,115553775,
1767148628,2025-12-31T02:37:08+00:00,65,115553900,
1767148628,2025-12-31T02:37:08+00:00,66,115554042,
1767148628,2025-12-31T02:37:08+00:00,66,115554058,
1767148628,2025-12-31T02:37:08+00:00,7,115554143,
1767148628,2025-12-31T02:37:08+00:00,7,115554144,
1767148628,2025-12-31T02:37:08+00:00,7,115554183,
1767148628,2025-12-31T02:37:08+00:00,7,115554184,
1767148628,2025-12-31T02:37:08+00:00,73,115554426,
1767148628,2025-12-31T02:37:08+00:00,73,115554491,
1767148628,2025-12-31T02:37:08+00:00,76,115554656,
1767148628,2025-12-31T02:37:08+00:00,76,115554660,
1767148628,2025-12-31T02:37:08+00:00,76,115554661,
1767148628,2025-12-31T02:37:08+00:00,76,115554709,
1767148628,2025-12-31T02:37:08+00:00,76,115554716,
1767148628,2025-12-31T02:37:08+00:00,8,115554776,
1767148628,2025-12-31T02:37:08+00:00,8,115554777,
1767148628,2025-12-31T02:37:08+00:00,8,115554802,
1767148628,2025-12-31T02:37:08+00:00,83L,115554980,
1767148628,2025-12-31T02:37:08+00:00,83L,115554981,
1767148628,2025-12-31T02:37:08+00:00,83L,115554982,
1767148628,2025-12-31T02:37:08+00:00,83D,115555024,
1767148628,2025-12-31T02:37:08+00:00,83D,115555025,
1767148628,2025-12-31T02:37:08+00:00,83D,115555059,
1767148628,2025-12-31T02:37:08+00:00,83D,115555060,
1767148628,2025-12-31T02:37:08+00:00,83L,115555093,
1767148628,2025-12-31T02:37:08+00:00,83L,115555095,
1767148628,2025-12-31T02:37:08+00:00,88,115555236,
1767148628,2025-12-31T02:37:08+00:00,9,115555381,
1767148628,2025-12-31T02:37:08+00:00,9,115555391,
1767148628,2025-12-31T02:37:08+00:00,92,115555489,
1767148628,2025-12-31T02:37:08+00:00,99,115555659,
1767148628,2025-12-31T02:37:08+00:00,A,115555887,
1767148628,2025-12-31T02:37:08+00:00,A,115555890,
1767148628,2025-12-31T02:37:08+00:00,A,115555891,
1767148628,2025-12-31T02:37:08+00:00,A,115555922,
1767148628,2025-12-31T02:37:08+00:00,A,115555923,
1767148628,2025-12-31T02:37:08+00:00,A,115555924,
1767148628,2025-12-31T02:37:08+00:00,A,115555975,
1767148628,2025-12-31T02:37:08+00:00,ART,115556561,
1767148628,2025-12-31T02:37:08+00:00,ART,115556581,
1767148628,2025-12-31T02:37:08+00:00,AT,115556713,
1767148628,2025-12-31T02:37:08+00:00,BOND,115556991,
1767148628,2025-12-31T02:37:08+00:00,BOND,115557095,
1767148628,2025-12-31T02:37:08+00:00,BOND,115557096,
1767148628,2025-12-31T02:37:08+00:00,101D,115561583,
1767148628,2025-12-31T02:37:08+00:00,101D,115561584,
1767148628,2025-12-31T02:37:08+00:00,101E,115561658,
1767148628,2025-12-31T02:37:08+00:00,101E,115561659,
1767148628,2025-12-31T02:37:08+00:00,101E,115561660,
1767148628,2025-12-31T02:37:08+00:00,101H,115561726,
1767148628,2025-12-31T02:37:08+00:00,101H,115561727,
1767148628,2025-12-31T02:37:08+00:00,101H,115561866,
1767148628,2025-12-31T02:37:08+00:00,101H,115561867,
1767148628,2025-12-31T02:37:08+00:00,101D,115561959,
1767148628,2025-12-31T02:37:08+00:00,101D,115561960,
1767148628,2025-12-31T02:37:08+00:00,101E,115562022,
1767148628,2025-12-31T02:37:08+00:00,101E,115562023,
1767148628,2025-12-31T02:37:08+00:00,101E,115562024,
1767148628,2025-12-31T02:37:08+00:00,103W,115563138,
1767148628,2025-12-31T02:37:08+00:00,103W,115563140,
1767148628,2025-12-31T02:37:08+00:00,103W,115563141,
1767148628,2025-12-31T02:37:08+00:00,103W,115563142,
1767148628,2025-12-31T02:37:08+00:00,103W,115563143,
1767148628,2025-12-31T02:37:08+00:00,103W,115563226,
1767148628,2025-12-31T02:37:08+00:00,103W,115563228,
1767148628,2025-12-31T02:37:08+00:00,103W,115563229,
1767148628,2025-12-31T02:37:08+00:00,103W,115563230,
1767148628,2025-12-31T02:37:08+00:00,103W,115563231,
1767148628,2025-12-31T02:37:08+00:00,107R,115563584,
1767148628,2025-12-31T02:37:08+00:00,107R,115563614,
1767148628,2025-12-31T02:37:08+00:00,107R,115563617,
1767148628,2025-12-31T02:37:08+00:00,107R,115563632,
1767148628,2025-12-31T02:37:08+00:00,107R,115563633,
1767148628,2025-12-31T02:37:08+00:00,107R,115563635,
1767148628,2025-12-31T02:37:08+00:00,107R,115563658,
1767148628,2025-12-31T02:37:08+00:00,104L,115564212,
1767148628,2025-12-31T02:37:08+00:00,104L,115564215,
1767148628,2025-12-31T02:37:08+00:00,104L,115564243,
1767148628,2025-12-31T02:37:08+00:00,120,115564314,
1767148628,2025-12-31T02:37:08+00:00,204,115564439,
1767148628,2025-12-31T02:37:08+00:00,204,115564455,
1767148628,2025-12-31T02:37:08+00:00,204,115564486,
1767148628,2025-12-31T02:37:08+00:00,205,115564632,
1767148628,2025-12-31T02:37:08+00:00,225,115564840,
1767148628,2025-12-31T02:37:08+00:00,225,115564888,
1767148628,2025-12-31T02:37:08+00:00,225D,115564889,
1767148628,2025-12-31T02:37:08+00:00,324,115565025,
1767148628,2025-12-31T02:37:08+00:00,324,115565051,
1767148628,2025-12-31T02:37:08+00:00,AB2,115565317,
1767148628,2025-12-31T02:37:08+00:00,AB1,115565323,
1767148628,2025-12-31T02:37:08+00:00,AB2,115565328,
1767148628,2025-12-31T02:37:08+00:00,AB1,115565350,
1767148628,2025-12-31T02:37:08+00:00,BOLT,115565443,
1767148628,2025-12-31T02:37:08+00:00,BOLT,115565462,
1767148628,2025-12-31T02:37:08+00:00,BOLT,115565463,
1767148628,2025-12-31T02:37:08+00:00,DASH,115565598,
1767148628,2025-12-31T02:37:08+00:00,DASH,115565646,
1767148628,2025-12-31T02:37:08+00:00,FF1,115565868,
1767148628,2025-12-31T02:37:08+00:00,FF1,115565869,
1767148628,2025-12-31T02:37:08+00:00,FF1,115565975,
1767148628,2025-12-31T02:37:08+00:00,JUMP,115566192,
1767148628,2025-12-31T02:37:08+00:00,JUMP,115566233,
1767148628,2025-12-31T02:37:08+00:00,JUMP,115566234,
1767148628,2025-12-31T02:37:08+00:00,LD3,115566289,
1767148628,2025-12-31T02:37:08+00:00,NB2,115566400,
1767148628,2025-12-31T02:37:08+00:00,NB2,115566407,
1767148628,2025-12-31T02:37:08+00:00,SKIP,115566707,
1767148628,2025-12-31T02:37:08+00:00,SKIP,115566733,
1767148628,2025-12-31T02:37:08+00:00,SKIP,115566734,
1767148628,2025-12-31T02:37:08+00:00,SKIP,115566877,
1767148628,2025-12-31T02:37:08+00:00,SKIP,115566878,
1767148628,2025-12-31T02:37:08+00:00,SKIP,115566879,
1767148628,2025-12-31T02:37:08+00:00,SKIP,115566880,
1767148628,2025-12-31T02:37:08+00:00,323,115566887,
1767148628,2025-12-31T02:37:08+00:00,323,115566888,
1767148628,2025-12-31T02:37:08+00:00,327,115566893,
1767148628,2025-12-31T02:37:08+00:00,28,115567265,
1767148628,2025-12-31T02:37:08+00:00,28,115567269,
1767148628,2025-12-31T02:37:08+00:00,31,115567507,
1767148628,2025-12-31T02:37:08+00:00,31,115567514,
1767148628,2025-12-31T02:37:08+00:00,31,115567515,
1767148628,2025-12-31T02:37:08+00:00,31,115567558,
1767148628,2025-12-31T02:37:08+00:00,31,115567559,
1767148628,2025-12-31T02:37:08+00:00,31,115567636,
1767148628,2025-12-31T02:37:08+00:00,31,115567656,
1767148628,2025-12-31T02:37:08+00:00,31,115567657,
1767148628,2025-12-31T02:37:08+00:00,31,115567658,
1767148628,2025-12-31T02:37:08+00:00,31,115567666,
1767148628,2025-12-31T02:37:08+00:00,44,115567779,
1767148628,2025-12-31T02:37:08+00:00,44,115567790,
1767148628,2025-12-31T02:37:08+00:00,100,115567861,
1767148628,2025-12-31T02:37:08+00:00,100,115567891,
1767148628,2025-12-31T02:37:08+00:00,21,115568063,
1767148628,2025-12-31T02:37:08+00:00,21,115568064,
1767148628,2025-12-31T02:37:08+00:00,21,115568065,
1767148628,2025-12-31T02:37:08+00:00,21,115568119,
1767148628,2025-12-31T02:37:08+00:00,32,115568192,
1767148628,2025-12-31T02:37:08+00:00,32,115568209,
1767148628,2025-12-31T02:37:08+00:00,35,115568311,
1767148628,2025-12-31T02:37:08+00:00,35,115568312,
1767148628,2025-12-31T02:37:08+00:00,35,115568313,
1767148628,2025-12-31T02:37:08+00:00,35,115568314,
1767148628,2025-12-31T02:37:08+00:00,35,115568343,
1767148628,2025-12-31T02:37:08+00:00,35,115568344,
1767148628,2025-12-31T02:37:08+00:00,35,115568345,
1767148628,2025-12-31T02:37:08+00:00,35,115568346,
1767148628,2025-12-31T02:37:08+00:00,36,115568461,
1767148628,2025-12-31T02:37:08+00:00,36,115568473,
1767148628,2025-12-31T02:37:08+00:00,52,115568786,
1767148628,2025-12-31T02:37:08+00:00,52,115568820,
1767148628,2025-12-31T02:37:08+00:00,52,115568824,
1767148628,2025-12-31T02:37:08+00:00,FREE,115569724,
1767148628,2025-12-31T02:37:08+00:00,FREE,115569726,
1767148628,2025-12-31T02:37:08+00:00,FREE,115569727,
1767148628,2025-12-31T02:37:08+00:00,FREE,115569728,
1767148628,2025-12-31T02:37:08+00:00,FREE,115569729,
1767148628,2025-12-31T02:37:08+00:00,FREE,115569921,
1767148628,2025-12-31T02:37:08+00:00,FREE,115569922,
1767148628,2025-12-31T02:37:08+00:00,FREE,115569923,
1767148628,2025-12-31T02:37:08+00:00,FREE,115569924,
1767148628,2025-12-31T02:37:08+00:00,30,115570242,
1767148628,2025-12-31T02:37:08+00:00,30,115570243,
1767148628,2025-12-31T02:37:08+00:00,30,115570308,
1767148628,2025-12-31T02:37:08+00:00,38,115570506,
1767148628,2025-12-31T02:37:08+00:00,38,115570514,
1767148628,2025-12-31T02:37:08+00:00,38,115570518,
1767148628,2025-12-31T02:37:08+00:00,38,115570550,
1767148628,2025-12-31T02:37:08+00:00,38,115570558,
1767148628,2025-12-31T02:37:08+00:00,38,115570561,
1767148628,2025-12-31T02:37:08+00:00,38,115570562,
1767148628,2025-12-31T02:37:08+00:00,38,115570564,
1767148628,2025-12-31T02:37:08+00:00,101S,115781865,
1767148628,2025-12-31T02:37:08+00:00,101S,115781866,
1767148628,2025-12-31T02:37:08+00:00,101S,115781924,
1767148628,2025-12-31T02:37:08+00:00,101S,115781925,
1767148628,2025-12-31T02:37:08+00:00,101S,115781926,
1767148628,2025-12-31T02:37:08+00:00,101S,115781959,
1767148628,2025-12-31T02:37:08+00:00,101S,115781966,
1767148628,2025-12-31T02:37:08+00:00,101S,115781972,
1767148628,2025-12-31T02:37:08+00:00,101S,115781973,
1767148628,2025-12-31T02:37:08+00:00,101S,115781974,
1767149789,2025-12-31T02:56:29+00:00,0,115538525,12516,
1767149789,2025-12-31T02:56:29+00:00,0,115538526,14982,
1767149789,2025-12-31T02:56:29+00:00,0,115538527,17752,
1767149789,2025-12-31T02:56:29+00:00,0,115538605,12463,
1767149789,2025-12-31T02:56:29+00:00,0,115538625,12427,
1767149789,2025-12-31T02:56:29+00:00,0,115538632,12541,
1767149789,2025-12-31T02:56:29+00:00,0,115538633,34326,
1767149789,2025-12-31T02:56:29+00:00,0,115538634,12463,
1767149789,2025-12-31T02:56:29+00:00,0B,115538848,26179,
1767149789,2025-12-31T02:56:29+00:00,0B,115538862,12596,
1767149789,2025-12-31T02:56:29+00:00,1,115538987,25416,
1767149789,2025-12-31T02:56:29+00:00,1,115539000,12098,
1767149789,2025-12-31T02:56:29+00:00,10,115539161,34384,
1767149789,2025-12-31T02:56:29+00:00,10,115539162,10159,
1767149789,2025-12-31T02:56:29+00:00,10,115539200,10189,
1767149789,2025-12-31T02:56:29+00:00,10,115539205,17703,
1767149789,2025-12-31T02:56:29+00:00,105,115542420,14254,
1767149789,2025-12-31T02:56:29+00:00,105,115542424,14163,
1767149789,2025-12-31T02:56:29+00:00,105,115542464,33597,
1767149789,2025-12-31T02:56:29+00:00,105,115542468,14261,
1767149789,2025-12-31T02:56:29+00:00,11,115543362,15366,
1767149789,2025-12-31T02:56:29+00:00,11,115543364,14772,
1767149789,2025-12-31T02:56:29+00:00,11,115543390,17071,
1767149789,2025-12-31T02:56:29+00:00,11,115543391,16742,
1767149789,2025-12-31T02:56:29+00:00,112,115543474,35108,
1767149789,2025-12-31T02:56:29+00:00,113G,115543632,34510,
1767149789,2025-12-31T02:56:29+00:00,113G,115543667,34541,
1767149789,2025-12-31T02:56:29+00:00,113B,115543669,34782,
1767149789,2025-12-31T02:56:29+00:00,113G,115543672,34781,
1767149789,2025-12-31T02:56:29+00:00,113G,115543673,34510,
1767149789,2025-12-31T02:56:29+00:00,113B,115543707,34782,
1767149789,2025-12-31T02:56:29+00:00,117N,115544078,34668,
1767149789,2025-12-31T02:56:29+00:00,117N,115544117,34668,
1767149789,2025-12-31T02:56:29+00:00,117N,115544118,35257,
1767149789,2025-12-31T02:56:29+00:00,117N,115544144,35248,
1767149789,2025-12-31T02:56:29+00:00,117N,115544145,35257,
1767149789,2025-12-31T02:56:29+00:00,12,115544498,20173,
1767149789,2025-12-31T02:56:29+00:00,12,115544499,15056,
1767149789,2025-12-31T02:56:29+00:00,12,115544561,14180,
1767149789,2025-12-31T02:56:29+00:00,12,115544562,13422,
1767149789,2025-12-31T02:56:29+00:00,120X,115544854,23955,
1767149789,2025-12-31T02:56:29+00:00,121,115545109,15949,
1767149789,2025-12-31T02:56:29+00:00,121,115545131,24702,
1767149789,2025-12-31T02:56:29+00:00,121,115545132,33680,
1767149789,2025-12-31T02:56:29+00:00,121,115545209,21865,
1767149789,2025-12-31T02:56:29+00:00,121,115545223,15922,
1767149789,2025-12-31T02:56:29+00:00,121,115545225,20867,
1767149789,2025-12-31T02:56:29+00:00,130,115545395,16402,
1767149789,2025-12-31T02:56:29+00:00,130,115545431,20239,
1767149789,2025-12-31T02:56:29+00:00,133,115545617,18375,
1767149789,2025-12-31T02:56:29+00:00,133,115545650,26402,
1767149789,2025-12-31T02:56:29+00:00,135,115545760,33324,
1767149789,2025-12-31T02:56:29+00:00,135,115545765,26193,
1767149789,2025-12-31T02:56:29+00:00,139,115545851,26193,
1767149789,2025-12-31T02:56:29+00:00,139,115545883,15203,
1767149789,2025-12-31T02:56:29+00:00,15,115546376,17714,
1767149789,2025-12-31T02:56:29+00:00,15,115546381,12878,
1767149789,2025-12-31T02:56:29+00:00,15,115546385,35511,
1767149789,2025-12-31T02:56:29+00:00,15,115546402,21871,
1767149789,2025-12-31T02:56:29+00:00,15,115546403,12847,
1767149789,2025-12-31T02:56:29+00:00,15,115546404,12843,
1767149789,2025-12-31T02:56:29+00:00,15,115546423,12878,
1767149789,2025-12-31T02:56:29+00:00,15,115546491,12875,
1767149789,2025-12-31T02:56:29+00:00,15,115546494,17834,
1767149789,2025-12-31T02:56:29+00:00,15,115546510,12869,
1767149789,2025-12-31T02:56:29+00:00,15,115546515,12875,
1767149789,2025-12-31T02:56:29+00:00,15,115546543,12844,
1767149789,2025-12-31T02:56:29+00:00,15,115546544,13014,
1767149789,2025-12-31T02:56:29+00:00,153,115546748,26333,
1767149789,2025-12-31T02:56:29+00:00,153,115546758,34738,
1767149789,2025-12-31T02:56:29+00:00,153,115546765,35358,
1767149789,2025-12-31T02:56:29+00:00,153,115546822,21945,
1767149789,2025-12-31T02:56:29+00:00,153,115546823,12713,
1767149789,2025-12-31T02:56:29+00:00,153,115546824,34887,
1767149789,2025-12-31T02:56:29+00:00,15L,115547113,35513,
1767149789,2025-12-31T02:56:29+00:00,15L,115547128,35368,
1767149789,2025-12-31T02:56:29+00:00,15L,115547153,21356,
1767149789,2025-12-31T02:56:29+00:00,15L,115547157,35368,
1767149789,2025-12-31T02:56:29+00:00,15L,115547178,12867,
1767149789,2025-12-31T02:56:29+00:00,15L,115547196,12891,
1767149789,2025-12-31T02:56:29+00:00,15L,115547202,33693,
1767149789,2025-12-31T02:56:29+00:00,15L,115547222,12936,
1767149789,2025-12-31T02:56:29+00:00,15L,115547248,12875,
1767149789,2025-12-31T02:56:29+00:00,15L,115547263,12895,
1767149789,2025-12-31T02:56:29+00:00,16,115547641,33963,
1767149789,2025-12-31T02:56:29+00:00,16,115547642,21278,
1767149789,2025-12-31T02:56:29+00:00,16,115547703,33692,
1767149789,2025-12-31T02:56:29+00:00,16,115547704,12977,
1767149789,2025-12-31T02:56:29+00:00,169,115547828,33477,
1767149789,2025-12-31T02:56:29+00:00,169,115547835,26020,
1767149789,2025-12-31T02:56:29+00:00,17,115548018,24398,
1767149789,2025-12-31T02:56:29+00:00,17,115548019,22029,
1767149789,2025-12-31T02:56:29+00:00,17,115548126,15713,
1767149789,2025-12-31T02:56:29+00:00,17,115548127,34562,
1767149789,2025-12-31T02:56:29+00:00,19,115548209,17707,
1767149789,2025-12-31T02:56:29+00:00,19,115548225,15837,
1767149789,2025-12-31T02:56:29+00:00,19,115548271,21980,
1767149789,2025-12-31T02:56:29+00:00,20,115548348,12847,
1767149789,2025-12-31T02:56:29+00:00,228A,115549224,35242,
1767149789,2025-12-31T02:56:29+00:00,24,115549314,16821,
1767149789,2025-12-31T02:56:29+00:00,24,115549323,16808,
1767149789,2025-12-31T02:56:29+00:00,3,115549694,12039,
1767149789,2025-12-31T02:56:29+00:00,3,115549741,12093,
1767149789,2025-12-31T02:56:29+00:00,3,115549742,23207,
1767149789,2025-12-31T02:56:29+00:00,3,115549744,11952,
1767149789,2025-12-31T02:56:29+00:00,4,115551122,16556,
1767149789,2025-12-31T02:56:29+00:00,40,115551384,14164,
1767149789,2025-12-31T02:56:29+00:00,40,115551449,13127,
1767149789,2025-12-31T02:56:29+00:00,402L,115551540,33475,
1767149789,2025-12-31T02:56:29+00:00,402L,115551561,24997,
1767149789,2025-12-31T02:56:29+00:00,42,115551793,18740,
1767149789,2025-12-31T02:56:29+00:00,42,115551794,34813,
1767149789,2025-12-31T02:56:29+00:00,42,115551827,20860,
1767149789,2025-12-31T02:56:29+00:00,42,115551828,11232,
1767149789,2025-12-31T02:56:29+00:00,43,115552150,17762,
1767149789,2025-12-31T02:56:29+00:00,43,115552151,34970,
1767149789,2025-12-31T02:56:29+00:00,43,115552178,17703,
1767149789,2025-12-31T02:56:29+00:00,43,115552216,17703,
1767149789,2025-12-31T02:56:29+00:00,43,115552232,17703,
1767149789,2025-12-31T02:56:29+00:00,45,115552535,34859,
1767149789,2025-12-31T02:56:29+00:00,45,115552536,33440,
1767149789,2025-12-31T02:56:29+00:00,45,115552576,24701,
1767149789,2025-12-31T02:56:29+00:00,45,115552590,34714,
1767149789,2025-12-31T02:56:29+00:00,48,115552870,35372,
1767149789,2025-12-31T02:56:29+00:00,48,115552879,35030,
1767149789,2025-12-31T02:56:29+00:00,483,115552912,22257,
1767149789,2025-12-31T02:56:29+00:00,483,115552927,33011,
1767149789,2025-12-31T02:56:29+00:00,49,115553071,13550,
1767149789,2025-12-31T02:56:29+00:00,49,115553106,11681,
1767149789,2025-12-31T02:56:29+00:00,51,115553262,11183,
1767149789,2025-12-31T02:56:29+00:00,51,115553290,16538,
1767149789,2025-12-31T02:56:29+00:00,51,115553315,26180,
1767149789,2025-12-31T02:56:29+00:00,51,115553319,16492,
1767149789,2025-12-31T02:56:29+00:00,520,115553529,26249,
1767149789,2025-12-31T02:56:29+00:00,59,115553598,16324,
1767149789,2025-12-31T02:56:29+00:00,6,115553725,22348,
1767149789,2025-12-31T02:56:29+00:00,6,115553726,11552,
1767149789,2025-12-31T02:56:29+00:00,6,115553732,34970,
1767149789,2025-12-31T02:56:29+00:00,6,115553735,14114,
1767149789,2025-12-31T02:56:29+00:00,6,115553766,11585,
1767149789,2025-12-31T02:56:29+00:00,6,115553775,17783,
1767149789,2025-12-31T02:56:29+00:00,65,115553947,33594,
1767149789,2025-12-31T02:56:29+00:00,66,115554035,20424,
1767149789,2025-12-31T02:56:29+00:00,7,115554143,17169,
1767149789,2025-12-31T02:56:29+00:00,7,115554144,21547,
1767149789,2025-12-31T02:56:29+00:00,7,115554183,21224,
1767149789,2025-12-31T02:56:29+00:00,73,115554425,26064,
1767149789,2025-12-31T02:56:29+00:00,73,115554426,16174,
1767149789,2025-12-31T02:56:29+00:00,73,115554491,25275,
1767149789,2025-12-31T02:56:29+00:00,76,115554658,16964,
1767149789,2025-12-31T02:56:29+00:00,76,115554661,16940,
1767149789,2025-12-31T02:56:29+00:00,76,115554720,17089,
1767149789,2025-12-31T02:56:29+00:00,8,115554777,16328,
1767149789,2025-12-31T02:56:29+00:00,83L,115554981,18513,
1767149789,2025-12-31T02:56:29+00:00,83L,115554982,12463,
1767149789,2025-12-31T02:56:29+00:00,83D,115555023,12463,
1767149789,2025-12-31T02:56:29+00:00,83D,115555024,12463,
1767149789,2025-12-31T02:56:29+00:00,83D,115555025,19842,
1767149789,2025-12-31T02:56:29+00:00,83D,115555060,20712,
1767149789,2025-12-31T02:56:29+00:00,83D,115555061,14258,
1767149789,2025-12-31T02:56:29+00:00,83L,115555093,20712,
1767149789,2025-12-31T02:56:29+00:00,88,115555219,33022,
1767149789,2025-12-31T02:56:29+00:00,88,115555236,21400,
1767149789,2025-12-31T02:56:29+00:00,9,115555381,34324,
1767149789,2025-12-31T02:56:29+00:00,9,115555391,33170,
1767149789,2025-12-31T02:56:29+00:00,93L,115555594,23184,
1767149789,2025-12-31T02:56:29+00:00,93L,115555608,35294,
1767149789,2025-12-31T02:56:29+00:00,A,115555887,34667,
1767149789,2025-12-31T02:56:29+00:00,A,115555890,34605,
1767149789,2025-12-31T02:56:29+00:00,A,115555891,34475,
1767149789,2025-12-31T02:56:29+00:00,A,115555922,34476,
1767149789,2025-12-31T02:56:29+00:00,A,115555923,34468,
1767149789,2025-12-31T02:56:29+00:00,A,115555975,34466,
1767149789,2025-12-31T02:56:29+00:00,ART,115556560,35234,
1767149789,2025-12-31T02:56:29+00:00,ART,115556561,17762,
1767149789,2025-12-31T02:56:29+00:00,ART,115556581,21167,
1767149789,2025-12-31T02:56:29+00:00,AT,115556724,19074,
1767149789,2025-12-31T02:56:29+00:00,BOND,115556992,10726,
1767149789,2025-12-31T02:56:29+00:00,BOND,115557096,10726,
1767149789,2025-12-31T02:56:29+00:00,BOND,115557097,10726,
1767149789,2025-12-31T02:56:29+00:00,101D,115561582,24896,
1767149789,2025-12-31T02:56:29+00:00,101D,115561583,23042,
1767149789,2025-12-31T02:56:29+00:00,101E,115561657,35212,
1767149789,2025-12-31T02:56:29+00:00,101E,115561658,34008,
1767149789,2025-12-31T02:56:29+00:00,101E,115561659,23043,
1767149789,2025-12-31T02:56:29+00:00,101H,115561725,34578,
1767149789,2025-12-31T02:56:29+00:00,101H,115561726,25978,
1767149789,2025-12-31T02:56:29+00:00,101H,115561866,25978,
1767149789,2025-12-31T02:56:29+00:00,101H,115561867,34577,
1767149789,2025-12-31T02:56:29+00:00,101D,115561958,25434,
1767149789,2025-12-31T02:56:29+00:00,101D,115561959,25431,
1767149789,2025-12-31T02:56:29+00:00,101E,115562021,25434,
1767149789,2025-12-31T02:56:29+00:00,101E,115562022,25434,
1767149789,2025-12-31T02:56:29+00:00,101E,115562023,25978,
1767149789,2025-12-31T02:56:29+00:00,101E,115562024,35207,
1767149789,2025-12-31T02:56:29+00:00,103W,115563140,33941,
1767149789,2025-12-31T02:56:29+00:00,103W,115563142,33966,
1767149789,2025-12-31T02:56:29+00:00,103W,115563143,33957,
1767149789,2025-12-31T02:56:29+00:00,103W,115563145,33948,
1767149789,2025-12-31T02:56:29+00:00,103W,115563146,33955,
1767149789,2025-12-31T02:56:29+00:00,103W,115563228,33566,
1767149789,2025-12-31T02:56:29+00:00,103W,115563230,25432,
1767149789,2025-12-31T02:56:29+00:00,103W,115563231,33563,
1767149789,2025-12-31T02:56:29+00:00,103W,115563232,25434,
1767149789,2025-12-31T02:56:29+00:00,103W,115563233,25434,
1767149789,2025-12-31T02:56:29+00:00,107R,115563584,34010,
1767149789,2025-12-31T02:56:29+00:00,107R,115563615,34005,
1767149789,2025-12-31T02:56:29+00:00,107R,115563617,34583,
1767149789,2025-12-31T02:56:29+00:00,107R,115563633,34003,
1767149789,2025-12-31T02:56:29+00:00,107R,115563635,34588,
1767149789,2025-12-31T02:56:29+00:00,107R,115563639,34744,
1767149789,2025-12-31T02:56:29+00:00,104L,115564215,34650,
1767149789,2025-12-31T02:56:29+00:00,204,115564434,12470,
1767149789,2025-12-31T02:56:29+00:00,204,115564486,10385,
1767149789,2025-12-31T02:56:29+00:00,204,115564490,10391,
1767149789,2025-12-31T02:56:29+00:00,205,115564613,10726,
1767149789,2025-12-31T02:56:29+00:00,205,115564629,19690,
1767149789,2025-12-31T02:56:29+00:00,225,115564840,25903,
1767149789,2025-12-31T02:56:29+00:00,225D,115564855,12348,
1767149789,2025-12-31T02:56:29+00:00,324,115565050,35485,
1767149789,2025-12-31T02:56:29+00:00,324,115565051,33915,
1767149789,2025-12-31T02:56:29+00:00,AB2,115565317,34650,
1767149789,2025-12-31T02:56:29+00:00,AB2,115565328,34451,
1767149789,2025-12-31T02:56:29+00:00,AB2,115565330,35483,
1767149789,2025-12-31T02:56:29+00:00,BOLT,115565443,17996,
1767149789,2025-12-31T02:56:29+00:00,BOLT,115565461,18107,
1767149789,2025-12-31T02:56:29+00:00,BOLT,115565462,18095,
1767149789,2025-12-31T02:56:29+00:00,DASH,115565598,34847,
1767149789,2025-12-31T02:56:29+00:00,DASH,115565646,12470,
1767149789,2025-12-31T02:56:29+00:00,FF1,115565868,33535,
1767149789,2025-12-31T02:56:29+00:00,FF1,115565869,34344,
1767149789,2025-12-31T02:56:29+00:00,FF1,115565976,17891,
1767149789,2025-12-31T02:56:29+00:00,FF1,115565977,34312,
1767149789,2025-12-31T02:56:29+00:00,JUMP,115566233,17923,
1767149789,2025-12-31T02:56:29+00:00,SKIP,115566707,33233,
1767149789,2025-12-31T02:56:29+00:00,SKIP,115566732,14126,
1767149789,2025-12-31T02:56:29+00:00,SKIP,115566733,12512,
1767149789,2025-12-31T02:56:29+00:00,SKIP,115566734,12581,
1767149789,2025-12-31T02:56:29+00:00,SKIP,115566876,12475,
1767149789,2025-12-31T02:56:29+00:00,SKIP,115566877,12475,
1767149789,2025-12-31T02:56:29+00:00,SKIP,115566878,12542,
1767149789,2025-12-31T02:56:29+00:00,SKIP,115566879,12473,
1767149789,2025-12-31T02:56:29+00:00,323,115566887,34351,
1767149789,2025-12-31T02:56:29+00:00,323,115566888,34666,
1767149789,2025-12-31T02:56:29+00:00,28,115567269,17703,
1767149789,2025-12-31T02:56:29+00:00,31,115567507,13742,
1767149789,2025-12-31T02:56:29+00:00,31,115567514,13698,
1767149789,2025-12-31T02:56:29+00:00,31,115567557,21209,
1767149789,2025-12-31T02:56:29+00:00,31,115567558,13727,
1767149789,2025-12-31T02:56:29+00:00,31,115567636,13717,
1767149789,2025-12-31T02:56:29+00:00,31,115567656,34531,
1767149789,2025-12-31T02:56:29+00:00,31,115567657,34440,
1767149789,2025-12-31T02:56:29+00:00,44,115567773,23565,
1767149789,2025-12-31T02:56:29+00:00,44,115567779,34515,
1767149789,2025-12-31T02:56:29+00:00,44,115567790,17707,
1767149789,2025-12-31T02:56:29+00:00,100,115567861,14036,
1767149789,2025-12-31T02:56:29+00:00,21,115568063,13558,
1767149789,2025-12-31T02:56:29+00:00,21,115568064,14543,
1767149789,2025-12-31T02:56:29+00:00,21,115568119,13565,
1767149789,2025-12-31T02:56:29+00:00,21,115568120,16403,
1767149789,2025-12-31T02:56:29+00:00,32,115568192,10891,
1767149789,2025-12-31T02:56:29+00:00,32,115568209,10922,
1767149789,2025-12-31T02:56:29+00:00,35,115568311,17341,
1767149789,2025-12-31T02:56:29+00:00,35,115568312,25023,
1767149789,2025-12-31T02:56:29+00:00,35,115568313,15561,
1767149789,2025-12-31T02:56:29+00:00,35,115568343,14180,
1767149789,2025-12-31T02:56:29+00:00,35,115568344,14155,
1767149789,2025-12-31T02:56:29+00:00,35,115568345,17330,
1767149789,2025-12-31T02:56:29+00:00,35,115568346,18675,
1767149789,2025-12-31T02:56:29+00:00,36,115568461,23509,
1767149789,2025-12-31T02:56:29+00:00,52,115568786,23397,
1767149789,2025-12-31T02:56:29+00:00,FREE,115569640,35194,
1767149789,2025-12-31T02:56:29+00:00,FREE,115569722,22351,
1767149789,2025-12-31T02:56:29+00:00,FREE,115569723,22356,
1767149789,2025-12-31T02:56:29+00:00,FREE,115569724,22359,
1767149789,2025-12-31T02:56:29+00:00,FREE,115569725,22359,
1767149789,2025-12-31T02:56:29+00:00,FREE,115569917,22365,
1767149789,2025-12-31T02:56:29+00:00,FREE,115569918,22370,
1767149789,2025-12-31T02:56:29+00:00,FREE,115569919,25425,
1767149789,2025-12-31T02:56:29+00:00,30,115570242,23509,
1767149789,2025-12-31T02:56:29+00:00,30,115570307,33290,
1767149789,2025-12-31T02:56:29+00:00,38,115570506,16612,
1767149789,2025-12-31T02:56:29+00:00,38,115570509,24155,
1767149789,2025-12-31T02:56:29+00:00,38,115570518,17716,
1767149789,2025-12-31T02:56:29+00:00,38,115570550,16613,
1767149789,2025-12-31T02:56:29+00:00,38,115570558,17733,
1767149789,2025-12-31T02:56:29+00:00,38,115570562,11013,
1767149789,2025-12-31T02:56:29+00:00,38,115570569,17703,
1767149789,2025-12-31T02:56:29+00:00,101S,115781866,23044,
1767149789,2025-12-31T02:56:29+00:00,101S,115781867,23041,
1767149789,2025-12-31T02:56:29+00:00,101S,115781925,23059,
1767149789,2025-12-31T02:56:29+00:00,101S,115781926,23051,
1767149789,2025-12-31T02:56:29+00:00,101S,115781966,23054,
1767149789,2025-12-31T02:56:29+00:00,101S,115781967,23051,
1767149789,2025-12-31T02:56:29+00:00,101S,115781973,23047,
1767149789,2025-12-31T02:56:29+00:00,101S,115781974,23041,
