feed_timestamp,iso_time_utc,route_id,trip_id,stop_id,delay_seconds
1767150129,2025-12-31T03:02:09+00:00,0,115538525,26273,
1767150129,2025-12-31T03:02:09+00:00,0,115538526,14978,
1767150129,2025-12-31T03:02:09+00:00,0,115538605,12463,
1767150129,2025-12-31T03:02:09+00:00,0,115538625,17772,
1767150129,2025-12-31T03:02:09+00:00,0,115538632,22268,
1767150129,2025-12-31T03:02:09+00:00,0,115538633,34326,
1767150129,2025-12-31T03:02:09+00:00,0,115538634,12463,
1767150129,2025-12-31T03:02:09+00:00,0,115538648,12463,
1767150129,2025-12-31T03:02:09+00:00,0B,115538843,26247,
1767150129,2025-12-31T03:02:09+00:00,0B,115538862,26245,
1767150129,2025-12-31T03:02:09+00:00,1,115538987,17717,
1767150129,2025-12-31T03:02:09+00:00,1,115539000,33212,
1767150129,2025-12-31T03:02:09+00:00,10,115539157,12994,
1767150129,2025-12-31T03:02:09+00:00,10,115539161,34384,
1767150129,2025-12-31T03:02:09+00:00,10,115539162,10170,
1767150129,2025-12-31T03:02:09+00:00,10,115539200,10178,
1767150129,2025-12-31T03:02:09+00:00,10,115539205,10117,
1767150129,2025-12-31T03:02:09+00:00,105,115542385,14163,
1767150129,2025-12-31T03:02:09+00:00,105,115542420,14224,
1767150129,2025-12-31T03:02:09+00:00,105,115542424,14163,
1767150129,2025-12-31T03:02:09+00:00,105,115542464,26071,
1767150129,2025-12-31T03:02:09+00:00,105,115542468,14148,
1767150129,2025-12-31T03:02:09+00:00,11,115543362,15420,
1767150129,2025-12-31T03:02:09+00:00,11,115543364,13657,
1767150129,2025-12-31T03:02:09+00:00,11,115543390,24858,
1767150129,2025-12-31T03:02:09+00:00,113G,115543632,34510,
1767150129,2025-12-31T03:02:09+00:00,113G,115543667,34525,
1767150129,2025-12-31T03:02:09+00:00,113B,115543669,34782,
1767150129,2025-12-31T03:02:09+00:00,113G,115543672,34781,
1767150129,2025-12-31T03:02:09+00:00,113G,115543673,34510,
1767150129,2025-12-31T03:02:09+00:00,113B,115543707,34782,
1767150129,2025-12-31T03:02:09+00:00,113G,115543734,34781,
1767150129,2025-12-31T03:02:09+00:00,117N,115544078,34668,
1767150129,2025-12-31T03:02:09+00:00,117N,115544117,35247,
1767150129,2025-12-31T03:02:09+00:00,117N,115544144,35246,
1767150129,2025-12-31T03:02:09+00:00,117N,115544145,35257,
1767150129,2025-12-31T03:02:09+00:00,12,115544498,20173,
1767150129,2025-12-31T03:02:09+00:00,12,115544499,13403,
1767150129,2025-12-31T03:02:09+00:00,12,115544560,14180,
1767150129,2025-12-31T03:02:09+00:00,12,115544561,14180,
1767150129,2025-12-31T03:02:09+00:00,12,115544562,14592,
1767150129,2025-12-31T03:02:09+00:00,120X,115544846,21994,
1767150129,2025-12-31T03:02:09+00:00,121,115545109,15937,
1767150129,2025-12-31T03:02:09+00:00,121,115545209,15946,
1767150129,2025-12-31T03:02:09+00:00,121,115545223,15922,
1767150129,2025-12-31T03:02:09+00:00,121,115545225,15285,
1767150129,2025-12-31T03:02:09+00:00,130,115545388,17353,
1767150129,2025-12-31T03:02:09+00:00,130,115545431,19629,
1767150129,2025-12-31T03:02:09+00:00,133,115545617,26394,
1767150129,2025-12-31T03:02:09+00:00,133,115545650,23814,
1767150129,2025-12-31T03:02:09+00:00,139,115545851,20368,
1767150129,2025-12-31T03:02:09+00:00,15,115546376,35517,
1767150129,2025-12-31T03:02:09+00:00,15,115546381,12878,
1767150129,2025-12-31T03:02:09+00:00,15,115546382,12878,
1767150129,2025-12-31T03:02:09+00:00,15,115546385,12885,
1767150129,2025-12-31T03:02:09+00:00,15,115546404,12933,
1767150129,2025-12-31T03:02:09+00:00,15,115546423,12878,
1767150129,2025-12-31T03:02:09+00:00,15,115546491,12875,
1767150129,2025-12-31T03:02:09+00:00,15,115546510,35516,
1767150129,2025-12-31T03:02:09+00:00,15,115546515,12875,
1767150129,2025-12-31T03:02:09+00:00,15,115546543,12922,
1767150129,2025-12-31T03:02:09+00:00,15,115546544,12934,
1767150129,2025-12-31T03:02:09+00:00,153,115546822,21506,
1767150129,2025-12-31T03:02:09+00:00,153,115546823,19609,
1767150129,2025-12-31T03:02:09+00:00,153,115546824,18751,
1767150129,2025-12-31T03:02:09+00:00,15L,115547113,35368,
1767150129,2025-12-31T03:02:09+00:00,15L,115547116,35368,
1767150129,2025-12-31T03:02:09+00:00,15L,115547128,33694,
1767150129,2025-12-31T03:02:09+00:00,15L,115547149,13020,
1767150129,2025-12-31T03:02:09+00:00,15L,115547153,17714,
1767150129,2025-12-31T03:02:09+00:00,15L,115547157,35368,
1767150129,2025-12-31T03:02:09+00:00,15L,115547178,12933,
1767150129,2025-12-31T03:02:09+00:00,15L,115547196,17705,
1767150129,2025-12-31T03:02:09+00:00,15L,115547202,33693,
1767150129,2025-12-31T03:02:09+00:00,15L,115547248,12875,
1767150129,2025-12-31T03:02:09+00:00,15L,115547263,12875,
1767150129,2025-12-31T03:02:09+00:00,16,115547641,33963,
1767150129,2025-12-31T03:02:09+00:00,16,115547642,34614,
1767150129,2025-12-31T03:02:09+00:00,16,115547702,12850,
1767150129,2025-12-31T03:02:09+00:00,16,115547703,34265,
1767150129,2025-12-31T03:02:09+00:00,16,115547704,12958,
1767150129,2025-12-31T03:02:09+00:00,169,115547828,23882,
1767150129,2025-12-31T03:02:09+00:00,169,115547835,24519,
1767150129,2025-12-31T03:02:09+00:00,17,115548018,15725,
1767150129,2025-12-31T03:02:09+00:00,17,115548019,34370,
1767150129,2025-12-31T03:02:09+00:00,17,115548126,15713,
1767150129,2025-12-31T03:02:09+00:00,17,115548127,24161,
1767150129,2025-12-31T03:02:09+00:00,19,115548209,34385,
1767150129,2025-12-31T03:02:09+00:00,19,115548225,15848,
1767150129,2025-12-31T03:02:09+00:00,19,115548271,26051,
1767150129,2025-12-31T03:02:09+00:00,24,115549313,22676,
1767150129,2025-12-31T03:02:09+00:00,24,115549314,16853,
1767150129,2025-12-31T03:02:09+00:00,3,115549708,12053,
1767150129,2025-12-31T03:02:09+00:00,3,115549741,12013,
1767150129,2025-12-31T03:02:09+00:00,3,115549742,26257,
1767150129,2025-12-31T03:02:09+00:00,3,115549744,11952,
1767150129,2025-12-31T03:02:09+00:00,4,115551122,11991,
1767150129,2025-12-31T03:02:09+00:00,40,115551383,13050,
1767150129,2025-12-31T03:02:09+00:00,40,115551384,13085,
1767150129,2025-12-31T03:02:09+00:00,40,115551426,34480,
1767150129,2025-12-31T03:02:09+00:00,402L,115551540,24431,
1767150129,2025-12-31T03:02:09+00:00,402L,115551561,24969,
1767150129,2025-12-31T03:02:09+00:00,42,115551794,34714,
1767150129,2025-12-31T03:02:09+00:00,42,115551827,19661,
1767150129,2025-12-31T03:02:09+00:00,42,115551828,34976,
1767150129,2025-12-31T03:02:09+00:00,43,115552150,34707,
1767150129,2025-12-31T03:02:09+00:00,43,115552151,34970,
1767150129,2025-12-31T03:02:09+00:00,43,115552178,17703,
1767150129,2025-12-31T03:02:09+00:00,43,115552216,15249,
1767150129,2025-12-31T03:02:09+00:00,43,115552232,35474,
1767150129,2025-12-31T03:02:09+00:00,45,115552535,23699,
1767150129,2025-12-31T03:02:09+00:00,45,115552576,25506,
1767150129,2025-12-31T03:02:09+00:00,45,115552590,33482,
1767150129,2025-12-31T03:02:09+00:00,48,115552870,11276,
1767150129,2025-12-31T03:02:09+00:00,48,115552876,35033,
1767150129,2025-12-31T03:02:09+00:00,48,115552879,35030,
1767150129,2025-12-31T03:02:09+00:00,48,115552895,19273,
1767150129,2025-12-31T03:02:09+00:00,483,115552912,35359,
1767150129,2025-12-31T03:02:09+00:00,483,115552927,25730,
1767150129,2025-12-31T03:02:09+00:00,49,115553071,11490,
1767150129,2025-12-31T03:02:09+00:00,49,115553106,13224,
1767150129,2025-12-31T03:02:09+00:00,51,115553262,11265,
1767150129,2025-12-31T03:02:09+00:00,51,115553290,16560,
1767150129,2025-12-31T03:02:09+00:00,51,115553319,14205,
1767150129,2025-12-31T03:02:09+00:00,520,115553520,26012,
1767150129,2025-12-31T03:02:09+00:00,520,115553529,20041,
1767150129,2025-12-31T03:02:09+00:00,6,115553726,18619,
1767150129,2025-12-31T03:02:09+00:00,6,115553732,34970,
1767150129,2025-12-31T03:02:09+00:00,6,115553735,11602,
1767150129,2025-12-31T03:02:09+00:00,6,115553760,35474,
1767150129,2025-12-31T03:02:09+00:00,6,115553766,11534,
1767150129,2025-12-31T03:02:09+00:00,6,115553775,17704,
1767150129,2025-12-31T03:02:09+00:00,65,115553907,15551,
1767150129,2025-12-31T03:02:09+00:00,65,115553947,15505,
1767150129,2025-12-31T03:02:09+00:00,66,115554035,20424,
1767150129,2025-12-31T03:02:09+00:00,7,115554142,17169,
1767150129,2025-12-31T03:02:09+00:00,7,115554143,34787,
1767150129,2025-12-31T03:02:09+00:00,7,115554144,17224,
1767150129,2025-12-31T03:02:09+00:00,7,115554182,23700,
1767150129,2025-12-31T03:02:09+00:00,7,115554183,17184,
1767150129,2025-12-31T03:02:09+00:00,73,115554425,25256,
1767150129,2025-12-31T03:02:09+00:00,73,115554426,33609,
1767150129,2025-12-31T03:02:09+00:00,73,115554491,18659,
1767150129,2025-12-31T03:02:09+00:00,76,115554658,16964,
1767150129,2025-12-31T03:02:09+00:00,76,115554661,16964,
1767150129,2025-12-31T03:02:09+00:00,76,115554690,33528,
1767150129,2025-12-31T03:02:09+00:00,76,115554716,25313,
1767150129,2025-12-31T03:02:09+00:00,76,115554720,16324,
1767150129,2025-12-31T03:02:09+00:00,8,115554777,33344,
1767150129,2025-12-31T03:02:09+00:00,83L,115554982,12463,
1767150129,2025-12-31T03:02:09+00:00,83L,115554983,12463,
1767150129,2025-12-31T03:02:09+00:00,83D,115555023,12463,
1767150129,2025-12-31T03:02:09+00:00,83D,115555024,20128,
1767150129,2025-12-31T03:02:09+00:00,83D,115555060,14965,
1767150129,2025-12-31T03:02:09+00:00,83D,115555061,20885,
1767150129,2025-12-31T03:02:09+00:00,83L,115555092,33149,
1767150129,2025-12-31T03:02:09+00:00,83L,115555093,14965,
1767150129,2025-12-31T03:02:09+00:00,88,115555219,15481,
1767150129,2025-12-31T03:02:09+00:00,88,115555236,26086,
1767150129,2025-12-31T03:02:09+00:00,93L,115555608,35282,
1767150129,2025-12-31T03:02:09+00:00,A,115555880,34667,
1767150129,2025-12-31T03:02:09+00:00,A,115555887,34667,
1767150129,2025-12-31T03:02:09+00:00,A,115555890,34475,
1767150129,2025-12-31T03:02:09+00:00,A,115555921,34476,
1767150129,2025-12-31T03:02:09+00:00,A,115555922,34606,
1767150129,2025-12-31T03:02:09+00:00,A,115555923,34466,
1767150129,2025-12-31T03:02:09+00:00,A,115555975,34667,
1767150129,2025-12-31T03:02:09+00:00,ART,115556560,35234,
1767150129,2025-12-31T03:02:09+00:00,ART,115556561,35233,
1767150129,2025-12-31T03:02:09+00:00,ART,115556581,14723,
1767150129,2025-12-31T03:02:09+00:00,BOND,115556992,10726,
1767150129,2025-12-31T03:02:09+00:00,BOND,115557096,10846,
1767150129,2025-12-31T03:02:09+00:00,BOND,115557097,10726,
1767150129,2025-12-31T03:02:09+00:00,101D,115561582,24896,
1767150129,2025-12-31T03:02:09+00:00,101D,115561583,23042,
1767150129,2025-12-31T03:02:09+00:00,101E,115561657,35212,
1767150129,2025-12-31T03:02:09+00:00,101E,115561658,34011,
1767150129,2025-12-31T03:02:09+00:00,101E,115561659,25428,
1767150129,2025-12-31T03:02:09+00:00,101H,115561725,34578,
1767150129,2025-12-31T03:02:09+00:00,101H,115561726,25978,
1767150129,2025-12-31T03:02:09+00:00,101H,115561866,25978,
1767150129,2025-12-31T03:02:09+00:00,101D,115561958,25434,
1767150129,2025-12-31T03:02:09+00:00,101D,115561959,23060,
1767150129,2025-12-31T03:02:09+00:00,101E,115562021,25434,
1767150129,2025-12-31T03:02:09+00:00,101E,115562022,25431,
1767150129,2025-12-31T03:02:09+00:00,101E,115562023,25983,
1767150129,2025-12-31T03:02:09+00:00,103W,115563140,25427,
1767150129,2025-12-31T03:02:09+00:00,103W,115563142,33955,
1767150129,2025-12-31T03:02:09+00:00,103W,115563143,33959,
1767150129,2025-12-31T03:02:09+00:00,103W,115563145,33948,
1767150129,2025-12-31T03:02:09+00:00,103W,115563146,33955,
1767150129,2025-12-31T03:02:09+00:00,103W,115563228,33568,
1767150129,2025-12-31T03:02:09+00:00,103W,115563230,33558,
1767150129,2025-12-31T03:02:09+00:00,103W,115563231,33565,
1767150129,2025-12-31T03:02:09+00:00,103W,115563232,25434,
1767150129,2025-12-31T03:02:09+00:00,103W,115563233,25434,
1767150129,2025-12-31T03:02:09+00:00,107R,115563584,25974,
1767150129,2025-12-31T03:02:09+00:00,107R,115563615,34005,
1767150129,2025-12-31T03:02:09+00:00,107R,115563617,34585,
1767150129,2025-12-31T03:02:09+00:00,107R,115563633,34004,
1767150129,2025-12-31T03:02:09+00:00,107R,115563635,34584,
1767150129,2025-12-31T03:02:09+00:00,107R,115563639,34744,
1767150129,2025-12-31T03:02:09+00:00,104L,115564215,34650,
1767150129,2025-12-31T03:02:09+00:00,104L,115564240,33803,
1767150129,2025-12-31T03:02:09+00:00,104L,115564243,20980,
1767150129,2025-12-31T03:02:09+00:00,120,115564339,35276,
1767150129,2025-12-31T03:02:09+00:00,204,115564434,19825,
1767150129,2025-12-31T03:02:09+00:00,204,115564486,34335,
1767150129,2025-12-31T03:02:09+00:00,204,115564490,24253,
1767150129,2025-12-31T03:02:09+00:00,205,115564613,10726,
1767150129,2025-12-31T03:02:09+00:00,205,115564629,19690,
1767150129,2025-12-31T03:02:09+00:00,225D,115564855,12350,
1767150129,2025-12-31T03:02:09+00:00,225D,115564887,34847,
1767150129,2025-12-31T03:02:09+00:00,225,115564888,12432,
1767150129,2025-12-31T03:02:09+00:00,324,115565021,33914,
1767150129,2025-12-31T03:02:09+00:00,AB1,115565313,34783,
1767150129,2025-12-31T03:02:09+00:00,AB2,115565317,34650,
1767150129,2025-12-31T03:02:09+00:00,AB1,115565353,34656,
1767150129,2025-12-31T03:02:09+00:00,BOLT,115565461,18107,
1767150129,2025-12-31T03:02:09+00:00,BOLT,115565462,18011,
1767150129,2025-12-31T03:02:09+00:00,DASH,115565598,34847,
1767150129,2025-12-31T03:02:09+00:00,FF1,115565976,17891,
1767150129,2025-12-31T03:02:09+00:00,FF1,115565977,22903,
1767150129,2025-12-31T03:02:09+00:00,JUMP,115566175,25172,
1767150129,2025-12-31T03:02:09+00:00,JUMP,115566233,12233,
1767150129,2025-12-31T03:02:09+00:00,LD3,115566289,19963,
1767150129,2025-12-31T03:02:09+00:00,LD3,115566316,35486,
1767150129,2025-12-31T03:02:09+00:00,NB2,115566400,21897,
1767150129,2025-12-31T03:02:09+00:00,SKIP,115566707,33233,
1767150129,2025-12-31T03:02:09+00:00,SKIP,115566731,14126,
1767150129,2025-12-31T03:02:09+00:00,SKIP,115566733,17892,
1767150129,2025-12-31T03:02:09+00:00,SKIP,115566734,22004,
1767150129,2025-12-31T03:02:09+00:00,SKIP,115566876,12475,
1767150129,2025-12-31T03:02:09+00:00,SKIP,115566877,12475,
1767150129,2025-12-31T03:02:09+00:00,SKIP,115566878,12574,
1767150129,2025-12-31T03:02:09+00:00,SKIP,115566879,22876,
1767150129,2025-12-31T03:02:09+00:00,28,115567269,10556,
1767150129,2025-12-31T03:02:09+00:00,31,115567507,13742,
1767150129,2025-12-31T03:02:09+00:00,31,115567514,13708,
1767150129,2025-12-31T03:02:09+00:00,31,115567557,13813,
1767150129,2025-12-31T03:02:09+00:00,31,115567558,34532,
1767150129,2025-12-31T03:02:09+00:00,31,115567636,13707,
1767150129,2025-12-31T03:02:09+00:00,31,115567656,13738,
1767150129,2025-12-31T03:02:09+00:00,31,115567657,13830,
1767150129,2025-12-31T03:02:09+00:00,31,115567665,34701,
1767150129,2025-12-31T03:02:09+00:00,44,115567773,11145,
1767150129,2025-12-31T03:02:09+00:00,44,115567790,16708,
1767150129,2025-12-31T03:02:09+00:00,100,115567861,14841,
1767150129,2025-12-31T03:02:09+00:00,100,115567891,34925,
1767150129,2025-12-31T03:02:09+00:00,21,115568063,13583,
1767150129,2025-12-31T03:02:09+00:00,21,115568064,14518,
1767150129,2025-12-31T03:02:09+00:00,21,115568119,13630,
1767150129,2025-12-31T03:02:09+00:00,21,115568120,14519,
1767150129,2025-12-31T03:02:09+00:00,32,115568208,17703,
1767150129,2025-12-31T03:02:09+00:00,35,115568311,17341,
1767150129,2025-12-31T03:02:09+00:00,35,115568312,20171,
1767150129,2025-12-31T03:02:09+00:00,35,115568313,14092,
1767150129,2025-12-31T03:02:09+00:00,35,115568341,17341,
1767150129,2025-12-31T03:02:09+00:00,35,115568343,15773,
1767150129,2025-12-31T03:02:09+00:00,35,115568344,25211,
1767150129,2025-12-31T03:02:09+00:00,35,115568345,13274,
1767150129,2025-12-31T03:02:09+00:00,35,115568346,18675,
1767150129,2025-12-31T03:02:09+00:00,35,115568375,14180,
1767150129,2025-12-31T03:02:09+00:00,52,115568786,17750,
1767150129,2025-12-31T03:02:09+00:00,52,115568820,11021,
1767150129,2025-12-31T03:02:09+00:00,FREE,115569640,22352,
1767150129,2025-12-31T03:02:09+00:00,FREE,115569722,22358,
1767150129,2025-12-31T03:02:09+00:00,FREE,115569723,22362,
1767150129,2025-12-31T03:02:09+00:00,FREE,115569916,22366,
1767150129,2025-12-31T03:02:09+00:00,FREE,115569917,22372,
1767150129,2025-12-31T03:02:09+00:00,FREE,115569918,25425,
1767150129,2025-12-31T03:02:09+00:00,30,115570241,26266,
1767150129,2025-12-31T03:02:09+00:00,30,115570242,13836,
1767150129,2025-12-31T03:02:09+00:00,30,115570307,13784,
1767150129,2025-12-31T03:02:09+00:00,38,115570509,10994,
1767150129,2025-12-31T03:02:09+00:00,38,115570518,16663,
1767150129,2025-12-31T03:02:09+00:00,38,115570550,10965,
1767150129,2025-12-31T03:02:09+00:00,38,115570558,17753,
1767150129,2025-12-31T03:02:09+00:00,38,115570562,10992,
1767150129,2025-12-31T03:02:09+00:00,38,115570569,17703,
1767150129,2025-12-31T03:02:09+00:00,101S,115781866,29104,
1767150129,2025-12-31T03:02:09+00:00,101S,115781867,23041,
1767150129,2025-12-31T03:02:09+00:00,101S,115781925,23060,
1767150129,2025-12-31T03:02:09+00:00,101S,115781926,23051,
1767150129,2025-12-31T03:02:09+00:00,101S,115781927,23051,
1767150129,2025-12-31T03:02:09+00:00,101S,115781967,23051,
1767150129,2025-12-31T03:02:09+00:00,101S,115781973,23049,
1767150129,2025-12-31T03:02:09+00:00,101S,115781974,23041,
